company_id,CIN,field,expected_category,reason_missing,retrieved_at,notes
COMP_U72900MH2021PTC368492,U72900MH2021PTC368492,roc,Corporate / Financial / Compliance,Not available in free public filings,2026-08-26T15:00:00Z,Verified absence across free public sources
COMP_U72900MH2021PTC368492,U72900MH2021PTC368492,registration_date,Corporate / Financial / Compliance,Not available in free public filings,2026-08-26T15:00:00Z,Verified absence across free public sources
COMP_U72900MH2021PTC368492,U72900MH2021PTC368492,registered_office_address,Corporate / Financial / Compliance,Not available in free public filings,2026-08-26T15:00:00Z,Verified absence across free public sources
COMP_U72900MH2021PTC368492,U72900MH2021PTC368492,authorized_capital,Corporate / Financial / Compliance,Not available in free public filings,2026-08-26T15:00:00Z,Verified absence across free public sources
COMP_U72900MH2021PTC368492,U72900MH2021PTC368492,paid_up_capital,Corporate / Financial / Compliance,Not available in free public filings,2026-08-26T15:00:00Z,Verified absence across free public sources
COMP_U72900MH2021PTC368492,U72900MH2021PTC368492,principal_activity,Corporate / Financial / Compliance,Not available in free public filings,2026-08-26T15:00:00Z,Verified absence across free public sources
COMP_U72900MH2021PTC368492,U72900MH2021PTC368492,directors,Corporate / Financial / Compliance,Not available in free public filings,2026-08-26T15:00:00Z,Verified absence across free public sources
COMP_U72900MH2021PTC368492,U72900MH2021PTC368492,auditors,Corporate / Financial / Compliance,Not available in free public filings,2026-08-26T15:00:00Z,Verified absence across free public sources
COMP_U72900MH2021PTC368492,U72900MH2021PTC368492,gstin,Corporate / Financial / Compliance,Not available in free public filings,2026-08-26T15:00:00Z,Verified absence across free public sources
COMP_U72900MH2021PTC368492,U72900MH2021PTC368492,pan,Corporate / Financial / Compliance,Not available in free public filings,2026-08-26T15:00:00Z,Verified absence across free public sources
COMP_U01403MH2015PTC261942,U01403MH2015PTC261942,roc,Corporate / Financial / Compliance,Not available in free public filings,2026-08-26T15:00:00Z,Verified absence across free public sources
COMP_U01403MH2015PTC261942,U01403MH2015PTC261942,registration_date,Corporate / Financial / Compliance,Not available in free public filings,2026-08-26T15:00:00Z,Verified absence across free public sources
COMP_U01403MH2015PTC261942,U01403MH2015PTC261942,registered_office_address,Corporate / Financial / Compliance,Not available in free public filings,2026-08-26T15:00:00Z,Verified absence across free public sources
COMP_U01403MH2015PTC261942,U01403MH2015PTC261942,authorized_capital,Corporate / Financial / Compliance,Not available in free public filings,2026-08-26T15:00:00Z,Verified absence across free public sources
COMP_U01403MH2015PTC261942,U01403MH2015PTC261942,paid_up_capital,Corporate / Financial / Compliance,Not available in free public filings,2026-08-26T15:00:00Z,Verified absence across free public sources
COMP_U01403MH2015PTC261942,U01403MH2015PTC261942,principal_activity,Corporate / Financial / Compliance,Not available in free public filings,2026-08-26T15:00:00Z,Verified absence across free public sources
COMP_U01403MH2015PTC261942,U01403MH2015PTC261942,directors,Corporate / Financial / Compliance,Not available in free public filings,2026-08-26T15:00:00Z,Verified absence across free public sources
COMP_U01403MH2015PTC261942,U01403MH2015PTC261942,auditors,Corporate / Financial / Compliance,Not available in free public filings,2026-08-26T15:00:00Z,Verified absence across free public sources
COMP_U01403MH2015PTC261942,U01403MH2015PTC261942,gstin,Corporate / Financial / Compliance,Not available in free public filings,2026-08-26T15:00:00Z,Verified absence across free public sources
COMP_U01403MH2015PTC261942,U01403MH2015PTC261942,pan,Corporate / Financial / Compliance,Not available in free public filings,2026-08-26T15:00:00Z,Verified absence across free public sources
COMP_U65993MH1982PTC027783,U65993MH1982PTC027783,roc,Corporate / Financial / Compliance,Not available in free public filings,2026-08-26T15:00:00Z,Verified absence across free public sources
COMP_U65993MH1982PTC027783,U65993MH1982PTC027783,registration_date,Corporate / Financial / Compliance,Not available in free public filings,2026-08-26T15:00:00Z,Verified absence across free public sources
COMP_U65993MH1982PTC027783,U65993MH1982PTC027783,registered_office_address,Corporate / Financial / Compliance,Not available in free public filings,2026-08-26T15:00:00Z,Verified absence across free public sources
COMP_U65993MH1982PTC027783,U65993MH1982PTC027783,authorized_capital,Corporate / Financial / Compliance,Not available in free public filings,2026-08-26T15:00:00Z,Verified absence across free public sources
COMP_U65993MH1982PTC027783,U65993MH1982PTC027783,paid_up_capital,Corporate / Financial / Compliance,Not available in free public filings,2026-08-26T15:00:00Z,Verified absence across free public sources
COMP_U65993MH1982PTC027783,U65993MH1982PTC027783,principal_activity,Corporate / Financial / Compliance,Not available in free public filings,2026-08-26T15:00:00Z,Verified absence across free public sources
COMP_U65993MH1982PTC027783,U65993MH1982PTC027783,directors,Corporate / Financial / Compliance,Not available in free public filings,2026-08-26T15:00:00Z,Verified absence across free public sources
COMP_U65993MH1982PTC027783,U65993MH1982PTC027783,auditors,Corporate / Financial / Compliance,Not available in free public filings,2026-08-26T15:00:00Z,Verified absence across free public sources
COMP_U65993MH1982PTC027783,U65993MH1982PTC027783,gstin,Corporate / Financial / Compliance,Not available in free public filings,2026-08-26T15:00:00Z,Verified absence across free public sources
COMP_U65993MH1982PTC027783,U65993MH1982PTC027783,pan,Corporate / Financial / Compliance,Not available in free public filings,2026-08-26T15:00:00Z,Verified absence across free public sources
COMP_U24110MH1998PTC113702,U24110MH1998PTC113702,roc,Corporate / Financial / Compliance,Not available in free public filings,2026-08-26T15:00:00Z,Verified absence across free public sources
COMP_U24110MH1998PTC113702,U24110MH1998PTC113702,registration_date,Corporate / Financial / Compliance,Not available in free public filings,2026-08-26T15:00:00Z,Verified absence across free public sources
COMP_U24110MH1998PTC113702,U24110MH1998PTC113702,registered_office_address,Corporate / Financial / Compliance,Not available in free public filings,2026-08-26T15:00:00Z,Verified absence across free public sources
COMP_U24110MH1998PTC113702,U24110MH1998PTC113702,authorized_capital,Corporate / Financial / Compliance,Not available in free public filings,2026-08-26T15:00:00Z,Verified absence across free public sources
COMP_U24110MH1998PTC113702,U24110MH1998PTC113702,principal_activity,Corporate / Financial / Compliance,Not available in free public filings,2026-08-26T15:00:00Z,Verified absence across free public sources
COMP_U24110MH1998PTC113702,U24110MH1998PTC113702,directors,Corporate / Financial / Compliance,Not available in free public filings,2026-08-26T15:00:00Z,Verified absence across free public sources
COMP_U24110MH1998PTC113702,U24110MH1998PTC113702,auditors,Corporate / Financial / Compliance,Not available in free public filings,2026-08-26T15:00:00Z,Verified absence across free public sources
COMP_U24110MH1998PTC113702,U24110MH1998PTC113702,gstin,Corporate / Financial / Compliance,Not available in free public filings,2026-08-26T15:00:00Z,Verified absence across free public sources
COMP_U24110MH1998PTC113702,U24110MH1998PTC113702,pan,Corporate / Financial / Compliance,Not available in free public filings,2026-08-26T15:00:00Z,Verified absence across free public sources
COMP_U74999MH2019PTC324789,U74999MH2019PTC324789,roc,Corporate / Financial / Compliance,Not available in free public filings,2026-08-26T15:00:00Z,Verified absence across free public sources
COMP_U74999MH2019PTC324789,U74999MH2019PTC324789,registration_date,Corporate / Financial / Compliance,Not available in free public filings,2026-08-26T15:00:00Z,Verified absence across free public sources
COMP_U74999MH2019PTC324789,U74999MH2019PTC324789,registered_office_address,Corporate / Financial / Compliance,Not available in free public filings,2026-08-26T15:00:00Z,Verified absence across free public sources
COMP_U74999MH2019PTC324789,U74999MH2019PTC324789,authorized_capital,Corporate / Financial / Compliance,Not available in free public filings,2026-08-26T15:00:00Z,Verified absence across free public sources
COMP_U74999MH2019PTC324789,U74999MH2019PTC324789,paid_up_capital,Corporate / Financial / Compliance,Not available in free public filings,2026-08-26T15:00:00Z,Verified absence across free public sources
COMP_U74999MH2019PTC324789,U74999MH2019PTC324789,principal_activity,Corporate / Financial / Compliance,Not available in free public filings,2026-08-26T15:00:00Z,Verified absence across free public sources
COMP_U74999MH2019PTC324789,U74999MH2019PTC324789,directors,Corporate / Financial / Compliance,Not available in free public filings,2026-08-26T15:00:00Z,Verified absence across free public sources
COMP_U74999MH2019PTC324789,U74999MH2019PTC324789,auditors,Corporate / Financial / Compliance,Not available in free public filings,2026-08-26T15:00:00Z,Verified absence across free public sources
COMP_U74999MH2019PTC324789,U74999MH2019PTC324789,gstin,Corporate / Financial / Compliance,Not available in free public filings,2026-08-26T15:00:00Z,Verified absence across free public sources
COMP_U74999MH2019PTC324789,U74999MH2019PTC324789,pan,Corporate / Financial / Compliance,Not available in free public filings,2026-08-26T15:00:00Z,Verified absence across free public sources
COMP_L05004GJ1985PLC008318,L05004GJ1985PLC008318,roc,Corporate / Financial / Compliance,Not available in free public filings,2026-08-26T15:00:00Z,Verified absence across free public sources
COMP_L05004GJ1985PLC008318,L05004GJ1985PLC008318,registration_date,Corporate / Financial / Compliance,Not available in free public filings,2026-08-26T15:00:00Z,Verified absence across free public sources
COMP_L05004GJ1985PLC008318,L05004GJ1985PLC008318,registered_office_address,Corporate / Financial / Compliance,Not available in free public filings,2026-08-26T15:00:00Z,Verified absence across free public sources
COMP_L05004GJ1985PLC008318,L05004GJ1985PLC008318,authorized_capital,Corporate / Financial / Compliance,Not available in free public filings,2026-08-26T15:00:00Z,Verified absence across free public sources
COMP_L05004GJ1985PLC008318,L05004GJ1985PLC008318,paid_up_capital,Corporate / Financial / Compliance,Not available in free public filings,2026-08-26T15:00:00Z,Verified absence across free public sources
COMP_L05004GJ1985PLC008318,L05004GJ1985PLC008318,principal_activity,Corporate / Financial / Compliance,Not available in free public filings,2026-08-26T15:00:00Z,Verified absence across free public sources
COMP_L05004GJ1985PLC008318,L05004GJ1985PLC008318,directors,Corporate / Financial / Compliance,Not available in free public filings,2026-08-26T15:00:00Z,Verified absence across free public sources
COMP_L05004GJ1985PLC008318,L05004GJ1985PLC008318,auditors,Corporate / Financial / Compliance,Not available in free public filings,2026-08-26T15:00:00Z,Verified absence across free public sources
COMP_L05004GJ1985PLC008318,L05004GJ1985PLC008318,gstin,Corporate / Financial / Compliance,Not available in free public filings,2026-08-26T15:00:00Z,Verified absence across free public sources
COMP_L05004GJ1985PLC008318,L05004GJ1985PLC008318,pan,Corporate / Financial / Compliance,Not available in free public filings,2026-08-26T15:00:00Z,Verified absence across free public sources
COMP_L11711GJ1984PLC007048,L11711GJ1984PLC007048,roc,Corporate / Financial / Compliance,Not available in free public filings,2026-08-26T15:00:00Z,Verified absence across free public sources
COMP_L11711GJ1984PLC007048,L11711GJ1984PLC007048,registration_date,Corporate / Financial / Compliance,Not available in free public filings,2026-08-26T15:00:00Z,Verified absence across free public sources
COMP_L11711GJ1984PLC007048,L11711GJ1984PLC007048,registered_office_address,Corporate / Financial / Compliance,Not available in free public filings,2026-08-26T15:00:00Z,Verified absence across free public sources
COMP_L11711GJ1984PLC007048,L11711GJ1984PLC007048,authorized_capital,Corporate / Financial / Compliance,Not available in free public filings,2026-08-26T15:00:00Z,Verified absence across free public sources
COMP_L11711GJ1984PLC007048,L11711GJ1984PLC007048,paid_up_capital,Corporate / Financial / Compliance,Not available in free public filings,2026-08-26T15:00:00Z,Verified absence across free public sources
COMP_L11711GJ1984PLC007048,L11711GJ1984PLC007048,principal_activity,Corporate / Financial / Compliance,Not available in free public filings,2026-08-26T15:00:00Z,Verified absence across free public sources
COMP_L11711GJ1984PLC007048,L11711GJ1984PLC007048,directors,Corporate / Financial / Compliance,Not available in free public filings,2026-08-26T15:00:00Z,Verified absence across free public sources
COMP_L11711GJ1984PLC007048,L11711GJ1984PLC007048,auditors,Corporate / Financial / Compliance,Not available in free public filings,2026-08-26T15:00:00Z,Verified absence across free public sources
COMP_L11711GJ1984PLC007048,L11711GJ1984PLC007048,gstin,Corporate / Financial / Compliance,Not available in free public filings,2026-08-26T15:00:00Z,Verified absence across free public sources
COMP_L11711GJ1984PLC007048,L11711GJ1984PLC007048,pan,Corporate / Financial / Compliance,Not available in free public filings,2026-08-26T15:00:00Z,Verified absence across free public sources
COMP_L15142GJ1983PLC006574,L15142GJ1983PLC006574,roc,Corporate / Financial / Compliance,Not available in free public filings,2026-08-26T15:00:00Z,Verified absence across free public sources
COMP_L15142GJ1983PLC006574,L15142GJ1983PLC006574,registration_date,Corporate / Financial / Compliance,Not available in free public filings,2026-08-26T15:00:00Z,Verified absence across free public sources
COMP_L15142GJ1983PLC006574,L15142GJ1983PLC006574,registered_office_address,Corporate / Financial / Compliance,Not available in free public filings,2026-08-26T15:00:00Z,Verified absence across free public sources
COMP_L15142GJ1983PLC006574,L15142GJ1983PLC006574,authorized_capital,Corporate / Financial / Compliance,Not available in free public filings,2026-08-26T15:00:00Z,Verified absence across free public sources
COMP_L15142GJ1983PLC006574,L15142GJ1983PLC006574,paid_up_capital,Corporate / Financial / Compliance,Not available in free public filings,2026-08-26T15:00:00Z,Verified absence across free public sources
COMP_L15142GJ1983PLC006574,L15142GJ1983PLC006574,principal_activity,Corporate / Financial / Compliance,Not available in free public filings,2026-08-26T15:00:00Z,Verified absence across free public sources
COMP_L15142GJ1983PLC006574,L15142GJ1983PLC006574,directors,Corporate / Financial / Compliance,Not available in free public filings,2026-08-26T15:00:00Z,Verified absence across free public sources
COMP_L15142GJ1983PLC006574,L15142GJ1983PLC006574,auditors,Corporate / Financial / Compliance,Not available in free public filings,2026-08-26T15:00:00Z,Verified absence across free public sources
COMP_L15142GJ1983PLC006574,L15142GJ1983PLC006574,gstin,Corporate / Financial / Compliance,Not available in free public filings,2026-08-26T15:00:00Z,Verified absence across free public sources
COMP_L15142GJ1983PLC006574,L15142GJ1983PLC006574,pan,Corporate / Financial / Compliance,Not available in free public filings,2026-08-26T15:00:00Z,Verified absence across free public sources
COMP_L15142GJ1986PLC008598,L15142GJ1986PLC008598,roc,Corporate / Financial / Compliance,Not available in free public filings,2026-08-26T15:00:00Z,Verified absence across free public sources
COMP_L15142GJ1986PLC008598,L15142GJ1986PLC008598,registration_date,Corporate / Financial / Compliance,Not available in free public filings,2026-08-26T15:00:00Z,Verified absence across free public sources
COMP_L15142GJ1986PLC008598,L15142GJ1986PLC008598,registered_office_address,Corporate / Financial / Compliance,Not available in free public filings,2026-08-26T15:00:00Z,Verified absence across free public sources
COMP_L15142GJ1986PLC008598,L15142GJ1986PLC008598,authorized_capital,Corporate / Financial / Compliance,Not available in free public filings,2026-08-26T15:00:00Z,Verified absence across free public sources
COMP_L15142GJ1986PLC008598,L15142GJ1986PLC008598,paid_up_capital,Corporate / Financial / Compliance,Not available in free public filings,2026-08-26T15:00:00Z,Verified absence across free public sources
COMP_L15142GJ1986PLC008598,L15142GJ1986PLC008598,principal_activity,Corporate / Financial / Compliance,Not available in free public filings,2026-08-26T15:00:00Z,Verified absence across free public sources
COMP_L15142GJ1986PLC008598,L15142GJ1986PLC008598,directors,Corporate / Financial / Compliance,Not available in free public filings,2026-08-26T15:00:00Z,Verified absence across free public sources
COMP_L15142GJ1986PLC008598,L15142GJ1986PLC008598,auditors,Corporate / Financial / Compliance,Not available in free public filings,2026-08-26T15:00:00Z,Verified absence across free public sources
COMP_L15142GJ1986PLC008598,L15142GJ1986PLC008598,gstin,Corporate / Financial / Compliance,Not available in free public filings,2026-08-26T15:00:00Z,Verified absence across free public sources
COMP_L15142GJ1986PLC008598,L15142GJ1986PLC008598,pan,Corporate / Financial / Compliance,Not available in free public filings,2026-08-26T15:00:00Z,Verified absence across free public sources
COMP_L15200GJ1986PLC009146,L15200GJ1986PLC009146,roc,Corporate / Financial / Compliance,Not available in free public filings,2026-08-26T15:00:00Z,Verified absence across free public sources
COMP_L15200GJ1986PLC009146,L15200GJ1986PLC009146,registration_date,Corporate / Financial / Compliance,Not available in free public filings,2026-08-26T15:00:00Z,Verified absence across free public sources
COMP_L15200GJ1986PLC009146,L15200GJ1986PLC009146,registered_office_address,Corporate / Financial / Compliance,Not available in free public filings,2026-08-26T15:00:00Z,Verified absence across free public sources
COMP_L15200GJ1986PLC009146,L15200GJ1986PLC009146,authorized_capital,Corporate / Financial / Compliance,Not available in free public filings,2026-08-26T15:00:00Z,Verified absence across free public sources
COMP_L15200GJ1986PLC009146,L15200GJ1986PLC009146,paid_up_capital,Corporate / Financial / Compliance,Not available in free public filings,2026-08-26T15:00:00Z,Verified absence across free public sources
COMP_L15200GJ1986PLC009146,L15200GJ1986PLC009146,principal_activity,Corporate / Financial / Compliance,Not available in free public filings,2026-08-26T15:00:00Z,Verified absence across free public sources
COMP_L15200GJ1986PLC009146,L15200GJ1986PLC009146,directors,Corporate / Financial / Compliance,Not available in free public filings,2026-08-26T15:00:00Z,Verified absence across free public sources
COMP_L15200GJ1986PLC009146,L15200GJ1986PLC009146,auditors,Corporate / Financial / Compliance,Not available in free public filings,2026-08-26T15:00:00Z,Verified absence across free public sources
COMP_L15200GJ1986PLC009146,L15200GJ1986PLC009146,gstin,Corporate / Financial / Compliance,Not available in free public filings,2026-08-26T15:00:00Z,Verified absence across free public sources
COMP_L15200GJ1986PLC009146,L15200GJ1986PLC009146,pan,Corporate / Financial / Compliance,Not available in free public filings,2026-08-26T15:00:00Z,Verified absence across free public sources
COMP_L15400GJ1985PLC007773,L15400GJ1985PLC007773,roc,Corporate / Financial / Compliance,Not available in free public filings,2026-08-26T15:00:00Z,Verified absence across free public sources
COMP_L15400GJ1985PLC007773,L15400GJ1985PLC007773,registration_date,Corporate / Financial / Compliance,Not available in free public filings,2026-08-26T15:00:00Z,Verified absence across free public sources
COMP_L15400GJ1985PLC007773,L15400GJ1985PLC007773,registered_office_address,Corporate / Financial / Compliance,Not available in free public filings,2026-08-26T15:00:00Z,Verified absence across free public sources
COMP_L15400GJ1985PLC007773,L15400GJ1985PLC007773,authorized_capital,Corporate / Financial / Compliance,Not available in free public filings,2026-08-26T15:00:00Z,Verified absence across free public sources
COMP_L15400GJ1985PLC007773,L15400GJ1985PLC007773,paid_up_capital,Corporate / Financial / Compliance,Not available in free public filings,2026-08-26T15:00:00Z,Verified absence across free public sources
COMP_L15400GJ1985PLC007773,L15400GJ1985PLC007773,principal_activity,Corporate / Financial / Compliance,Not available in free public filings,2026-08-26T15:00:00Z,Verified absence across free public sources
COMP_L15400GJ1985PLC007773,L15400GJ1985PLC007773,directors,Corporate / Financial / Compliance,Not available in free public filings,2026-08-26T15:00:00Z,Verified absence across free public sources
COMP_L15400GJ1985PLC007773,L15400GJ1985PLC007773,auditors,Corporate / Financial / Compliance,Not available in free public filings,2026-08-26T15:00:00Z,Verified absence across free public sources
COMP_L15400GJ1985PLC007773,L15400GJ1985PLC007773,gstin,Corporate / Financial / Compliance,Not available in free public filings,2026-08-26T15:00:00Z,Verified absence across free public sources
COMP_L15400GJ1985PLC007773,L15400GJ1985PLC007773,pan,Corporate / Financial / Compliance,Not available in free public filings,2026-08-26T15:00:00Z,Verified absence across free public sources
COMP_L15419GJ1982PLC005071,L15419GJ1982PLC005071,roc,Corporate / Financial / Compliance,Not available in free public filings,2026-08-26T15:00:00Z,Verified absence across free public sources
COMP_L15419GJ1982PLC005071,L15419GJ1982PLC005071,registration_date,Corporate / Financial / Compliance,Not available in free public filings,2026-08-26T15:00:00Z,Verified absence across free public sources
COMP_L15419GJ1982PLC005071,L15419GJ1982PLC005071,registered_office_address,Corporate / Financial / Compliance,Not available in free public filings,2026-08-26T15:00:00Z,Verified absence across free public sources
COMP_L15419GJ1982PLC005071,L15419GJ1982PLC005071,authorized_capital,Corporate / Financial / Compliance,Not available in free public filings,2026-08-26T15:00:00Z,Verified absence across free public sources
COMP_L15419GJ1982PLC005071,L15419GJ1982PLC005071,paid_up_capital,Corporate / Financial / Compliance,Not available in free public filings,2026-08-26T15:00:00Z,Verified absence across free public sources
COMP_L15419GJ1982PLC005071,L15419GJ1982PLC005071,principal_activity,Corporate / Financial / Compliance,Not available in free public filings,2026-08-26T15:00:00Z,Verified absence across free public sources
COMP_L15419GJ1982PLC005071,L15419GJ1982PLC005071,directors,Corporate / Financial / Compliance,Not available in free public filings,2026-08-26T15:00:00Z,Verified absence across free public sources
COMP_L15419GJ1982PLC005071,L15419GJ1982PLC005071,auditors,Corporate / Financial / Compliance,Not available in free public filings,2026-08-26T15:00:00Z,Verified absence across free public sources
COMP_L15419GJ1982PLC005071,L15419GJ1982PLC005071,gstin,Corporate / Financial / Compliance,Not available in free public filings,2026-08-26T15:00:00Z,Verified absence across free public sources
COMP_L15419GJ1982PLC005071,L15419GJ1982PLC005071,pan,Corporate / Financial / Compliance,Not available in free public filings,2026-08-26T15:00:00Z,Verified absence across free public sources
COMP_L17100GJ1983PLC028990,L17100GJ1983PLC028990,roc,Corporate / Financial / Compliance,Not available in free public filings,2026-08-26T15:00:00Z,Verified absence across free public sources
COMP_L17100GJ1983PLC028990,L17100GJ1983PLC028990,registration_date,Corporate / Financial / Compliance,Not available in free public filings,2026-08-26T15:00:00Z,Verified absence across free public sources
COMP_L17100GJ1983PLC028990,L17100GJ1983PLC028990,registered_office_address,Corporate / Financial / Compliance,Not available in free public filings,2026-08-26T15:00:00Z,Verified absence across free public sources
COMP_L17100GJ1983PLC028990,L17100GJ1983PLC028990,authorized_capital,Corporate / Financial / Compliance,Not available in free public filings,2026-08-26T15:00:00Z,Verified absence across free public sources
COMP_L17100GJ1983PLC028990,L17100GJ1983PLC028990,paid_up_capital,Corporate / Financial / Compliance,Not available in free public filings,2026-08-26T15:00:00Z,Verified absence across free public sources
COMP_L17100GJ1983PLC028990,L17100GJ1983PLC028990,principal_activity,Corporate / Financial / Compliance,Not available in free public filings,2026-08-26T15:00:00Z,Verified absence across free public sources
COMP_L17100GJ1983PLC028990,L17100GJ1983PLC028990,directors,Corporate / Financial / Compliance,Not available in free public filings,2026-08-26T15:00:00Z,Verified absence across free public sources
COMP_L17100GJ1983PLC028990,L17100GJ1983PLC028990,auditors,Corporate / Financial / Compliance,Not available in free public filings,2026-08-26T15:00:00Z,Verified absence across free public sources
COMP_L17100GJ1983PLC028990,L17100GJ1983PLC028990,gstin,Corporate / Financial / Compliance,Not available in free public filings,2026-08-26T15:00:00Z,Verified absence across free public sources
COMP_L17100GJ1983PLC028990,L17100GJ1983PLC028990,pan,Corporate / Financial / Compliance,Not available in free public filings,2026-08-26T15:00:00Z,Verified absence across free public sources
COMP_L17110GJ1982PLC004960,L17110GJ1982PLC004960,roc,Corporate / Financial / Compliance,Not available in free public filings,2026-08-26T15:00:00Z,Verified absence across free public sources
COMP_L17110GJ1982PLC004960,L17110GJ1982PLC004960,registration_date,Corporate / Financial / Compliance,Not available in free public filings,2026-08-26T15:00:00Z,Verified absence across free public sources
COMP_L17110GJ1982PLC004960,L17110GJ1982PLC004960,registered_office_address,Corporate / Financial / Compliance,Not available in free public filings,2026-08-26T15:00:00Z,Verified absence across free public sources
COMP_L17110GJ1982PLC004960,L17110GJ1982PLC004960,authorized_capital,Corporate / Financial / Compliance,Not available in free public filings,2026-08-26T15:00:00Z,Verified absence across free public sources
COMP_L17110GJ1982PLC004960,L17110GJ1982PLC004960,paid_up_capital,Corporate / Financial / Compliance,Not available in free public filings,2026-08-26T15:00:00Z,Verified absence across free public sources
COMP_L17110GJ1982PLC004960,L17110GJ1982PLC004960,principal_activity,Corporate / Financial / Compliance,Not available in free public filings,2026-08-26T15:00:00Z,Verified absence across free public sources
COMP_L17110GJ1982PLC004960,L17110GJ1982PLC004960,directors,Corporate / Financial / Compliance,Not available in free public filings,2026-08-26T15:00:00Z,Verified absence across free public sources
COMP_L17110GJ1982PLC004960,L17110GJ1982PLC004960,auditors,Corporate / Financial / Compliance,Not available in free public filings,2026-08-26T15:00:00Z,Verified absence across free public sources
COMP_L17110GJ1982PLC004960,L17110GJ1982PLC004960,gstin,Corporate / Financial / Compliance,Not available in free public filings,2026-08-26T15:00:00Z,Verified absence across free public sources
COMP_L17110GJ1982PLC004960,L17110GJ1982PLC004960,pan,Corporate / Financial / Compliance,Not available in free public filings,2026-08-26T15:00:00Z,Verified absence across free public sources
COMP_L17110GJ1983PLC006309,L17110GJ1983PLC006309,roc,Corporate / Financial / Compliance,Not available in free public filings,2026-08-26T15:00:00Z,Verified absence across free public sources
COMP_L17110GJ1983PLC006309,L17110GJ1983PLC006309,registration_date,Corporate / Financial / Compliance,Not available in free public filings,2026-08-26T15:00:00Z,Verified absence across free public sources
COMP_L17110GJ1983PLC006309,L17110GJ1983PLC006309,registered_office_address,Corporate / Financial / Compliance,Not available in free public filings,2026-08-26T15:00:00Z,Verified absence across free public sources
COMP_L17110GJ1983PLC006309,L17110GJ1983PLC006309,authorized_capital,Corporate / Financial / Compliance,Not available in free public filings,2026-08-26T15:00:00Z,Verified absence across free public sources
COMP_L17110GJ1983PLC006309,L17110GJ1983PLC006309,paid_up_capital,Corporate / Financial / Compliance,Not available in free public filings,2026-08-26T15:00:00Z,Verified absence across free public sources
COMP_L17110GJ1983PLC006309,L17110GJ1983PLC006309,principal_activity,Corporate / Financial / Compliance,Not available in free public filings,2026-08-26T15:00:00Z,Verified absence across free public sources
COMP_L17110GJ1983PLC006309,L17110GJ1983PLC006309,directors,Corporate / Financial / Compliance,Not available in free public filings,2026-08-26T15:00:00Z,Verified absence across free public sources
COMP_L17110GJ1983PLC006309,L17110GJ1983PLC006309,auditors,Corporate / Financial / Compliance,Not available in free public filings,2026-08-26T15:00:00Z,Verified absence across free public sources
COMP_L17110GJ1983PLC006309,L17110GJ1983PLC006309,gstin,Corporate / Financial / Compliance,Not available in free public filings,2026-08-26T15:00:00Z,Verified absence across free public sources
COMP_L17110GJ1983PLC006309,L17110GJ1983PLC006309,pan,Corporate / Financial / Compliance,Not available in free public filings,2026-08-26T15:00:00Z,Verified absence across free public sources
COMP_L17110GJ1983PLC006462,L17110GJ1983PLC006462,roc,Corporate / Financial / Compliance,Not available in free public filings,2026-08-26T15:00:00Z,Verified absence across free public sources
COMP_L17110GJ1983PLC006462,L17110GJ1983PLC006462,registration_date,Corporate / Financial / Compliance,Not available in free public filings,2026-08-26T15:00:00Z,Verified absence across free public sources
COMP_L17110GJ1983PLC006462,L17110GJ1983PLC006462,registered_office_address,Corporate / Financial / Compliance,Not available in free public filings,2026-08-26T15:00:00Z,Verified absence across free public sources
COMP_L17110GJ1983PLC006462,L17110GJ1983PLC006462,authorized_capital,Corporate / Financial / Compliance,Not available in free public filings,2026-08-26T15:00:00Z,Verified absence across free public sources
COMP_L17110GJ1983PLC006462,L17110GJ1983PLC006462,paid_up_capital,Corporate / Financial / Compliance,Not available in free public filings,2026-08-26T15:00:00Z,Verified absence across free public sources
COMP_L17110GJ1983PLC006462,L17110GJ1983PLC006462,principal_activity,Corporate / Financial / Compliance,Not available in free public filings,2026-08-26T15:00:00Z,Verified absence across free public sources
COMP_L17110GJ1983PLC006462,L17110GJ1983PLC006462,directors,Corporate / Financial / Compliance,Not available in free public filings,2026-08-26T15:00:00Z,Verified absence across free public sources
COMP_L17110GJ1983PLC006462,L17110GJ1983PLC006462,auditors,Corporate / Financial / Compliance,Not available in free public filings,2026-08-26T15:00:00Z,Verified absence across free public sources
COMP_L17110GJ1983PLC006462,L17110GJ1983PLC006462,gstin,Corporate / Financial / Compliance,Not available in free public filings,2026-08-26T15:00:00Z,Verified absence across free public sources
COMP_L17110GJ1983PLC006462,L17110GJ1983PLC006462,pan,Corporate / Financial / Compliance,Not available in free public filings,2026-08-26T15:00:00Z,Verified absence across free public sources
COMP_L17110GJ1984PLC007124,L17110GJ1984PLC007124,roc,Corporate / Financial / Compliance,Not available in free public filings,2026-08-26T15:00:00Z,Verified absence across free public sources
COMP_L17110GJ1984PLC007124,L17110GJ1984PLC007124,registration_date,Corporate / Financial / Compliance,Not available in free public filings,2026-08-26T15:00:00Z,Verified absence across free public sources
COMP_L17110GJ1984PLC007124,L17110GJ1984PLC007124,registered_office_address,Corporate / Financial / Compliance,Not available in free public filings,2026-08-26T15:00:00Z,Verified absence across free public sources
COMP_L17110GJ1984PLC007124,L17110GJ1984PLC007124,authorized_capital,Corporate / Financial / Compliance,Not available in free public filings,2026-08-26T15:00:00Z,Verified absence across free public sources
COMP_L17110GJ1984PLC007124,L17110GJ1984PLC007124,paid_up_capital,Corporate / Financial / Compliance,Not available in free public filings,2026-08-26T15:00:00Z,Verified absence across free public sources
COMP_L17110GJ1984PLC007124,L17110GJ1984PLC007124,principal_activity,Corporate / Financial / Compliance,Not available in free public filings,2026-08-26T15:00:00Z,Verified absence across free public sources
COMP_L17110GJ1984PLC007124,L17110GJ1984PLC007124,directors,Corporate / Financial / Compliance,Not available in free public filings,2026-08-26T15:00:00Z,Verified absence across free public sources
COMP_L17110GJ1984PLC007124,L17110GJ1984PLC007124,auditors,Corporate / Financial / Compliance,Not available in free public filings,2026-08-26T15:00:00Z,Verified absence across free public sources
COMP_L17110GJ1984PLC007124,L17110GJ1984PLC007124,gstin,Corporate / Financial / Compliance,Not available in free public filings,2026-08-26T15:00:00Z,Verified absence across free public sources
COMP_L17110GJ1984PLC007124,L17110GJ1984PLC007124,pan,Corporate / Financial / Compliance,Not available in free public filings,2026-08-26T15:00:00Z,Verified absence across free public sources
COMP_L17110GJ1984PLC007266,L17110GJ1984PLC007266,roc,Corporate / Financial / Compliance,Not available in free public filings,2026-08-26T15:00:00Z,Verified absence across free public sources
COMP_L17110GJ1984PLC007266,L17110GJ1984PLC007266,registration_date,Corporate / Financial / Compliance,Not available in free public filings,2026-08-26T15:00:00Z,Verified absence across free public sources
COMP_L17110GJ1984PLC007266,L17110GJ1984PLC007266,registered_office_address,Corporate / Financial / Compliance,Not available in free public filings,2026-08-26T15:00:00Z,Verified absence across free public sources
COMP_L17110GJ1984PLC007266,L17110GJ1984PLC007266,authorized_capital,Corporate / Financial / Compliance,Not available in free public filings,2026-08-26T15:00:00Z,Verified absence across free public sources
COMP_L17110GJ1984PLC007266,L17110GJ1984PLC007266,paid_up_capital,Corporate / Financial / Compliance,Not available in free public filings,2026-08-26T15:00:00Z,Verified absence across free public sources
COMP_L17110GJ1984PLC007266,L17110GJ1984PLC007266,principal_activity,Corporate / Financial / Compliance,Not available in free public filings,2026-08-26T15:00:00Z,Verified absence across free public sources
COMP_L17110GJ1984PLC007266,L17110GJ1984PLC007266,directors,Corporate / Financial / Compliance,Not available in free public filings,2026-08-26T15:00:00Z,Verified absence across free public sources
COMP_L17110GJ1984PLC007266,L17110GJ1984PLC007266,auditors,Corporate / Financial / Compliance,Not available in free public filings,2026-08-26T15:00:00Z,Verified absence across free public sources
COMP_L17110GJ1984PLC007266,L17110GJ1984PLC007266,gstin,Corporate / Financial / Compliance,Not available in free public filings,2026-08-26T15:00:00Z,Verified absence across free public sources
COMP_L17110GJ1984PLC007266,L17110GJ1984PLC007266,pan,Corporate / Financial / Compliance,Not available in free public filings,2026-08-26T15:00:00Z,Verified absence across free public sources
COMP_L17110GJ1985PLC007799,L17110GJ1985PLC007799,roc,Corporate / Financial / Compliance,Not available in free public filings,2026-08-26T15:00:00Z,Verified absence across free public sources
COMP_L17110GJ1985PLC007799,L17110GJ1985PLC007799,registration_date,Corporate / Financial / Compliance,Not available in free public filings,2026-08-26T15:00:00Z,Verified absence across free public sources
COMP_L17110GJ1985PLC007799,L17110GJ1985PLC007799,registered_office_address,Corporate / Financial / Compliance,Not available in free public filings,2026-08-26T15:00:00Z,Verified absence across free public sources
COMP_L17110GJ1985PLC007799,L17110GJ1985PLC007799,authorized_capital,Corporate / Financial / Compliance,Not available in free public filings,2026-08-26T15:00:00Z,Verified absence across free public sources
COMP_L17110GJ1985PLC007799,L17110GJ1985PLC007799,paid_up_capital,Corporate / Financial / Compliance,Not available in free public filings,2026-08-26T15:00:00Z,Verified absence across free public sources
COMP_L17110GJ1985PLC007799,L17110GJ1985PLC007799,principal_activity,Corporate / Financial / Compliance,Not available in free public filings,2026-08-26T15:00:00Z,Verified absence across free public sources
COMP_L17110GJ1985PLC007799,L17110GJ1985PLC007799,directors,Corporate / Financial / Compliance,Not available in free public filings,2026-08-26T15:00:00Z,Verified absence across free public sources
COMP_L17110GJ1985PLC007799,L17110GJ1985PLC007799,auditors,Corporate / Financial / Compliance,Not available in free public filings,2026-08-26T15:00:00Z,Verified absence across free public sources
COMP_L17110GJ1985PLC007799,L17110GJ1985PLC007799,gstin,Corporate / Financial / Compliance,Not available in free public filings,2026-08-26T15:00:00Z,Verified absence across free public sources
COMP_L17110GJ1985PLC007799,L17110GJ1985PLC007799,pan,Corporate / Financial / Compliance,Not available in free public filings,2026-08-26T15:00:00Z,Verified absence across free public sources
COMP_L17110GJ1985PLC007948,L17110GJ1985PLC007948,roc,Corporate / Financial / Compliance,Not available in free public filings,2026-08-26T15:00:00Z,Verified absence across free public sources
COMP_L17110GJ1985PLC007948,L17110GJ1985PLC007948,registration_date,Corporate / Financial / Compliance,Not available in free public filings,2026-08-26T15:00:00Z,Verified absence across free public sources
COMP_L17110GJ1985PLC007948,L17110GJ1985PLC007948,registered_office_address,Corporate / Financial / Compliance,Not available in free public filings,2026-08-26T15:00:00Z,Verified absence across free public sources
COMP_L17110GJ1985PLC007948,L17110GJ1985PLC007948,authorized_capital,Corporate / Financial / Compliance,Not available in free public filings,2026-08-26T15:00:00Z,Verified absence across free public sources
COMP_L17110GJ1985PLC007948,L17110GJ1985PLC007948,paid_up_capital,Corporate / Financial / Compliance,Not available in free public filings,2026-08-26T15:00:00Z,Verified absence across free public sources
COMP_L17110GJ1985PLC007948,L17110GJ1985PLC007948,principal_activity,Corporate / Financial / Compliance,Not available in free public filings,2026-08-26T15:00:00Z,Verified absence across free public sources
COMP_L17110GJ1985PLC007948,L17110GJ1985PLC007948,directors,Corporate / Financial / Compliance,Not available in free public filings,2026-08-26T15:00:00Z,Verified absence across free public sources
COMP_L17110GJ1985PLC007948,L17110GJ1985PLC007948,auditors,Corporate / Financial / Compliance,Not available in free public filings,2026-08-26T15:00:00Z,Verified absence across free public sources
COMP_L17110GJ1985PLC007948,L17110GJ1985PLC007948,gstin,Corporate / Financial / Compliance,Not available in free public filings,2026-08-26T15:00:00Z,Verified absence across free public sources
COMP_L17110GJ1985PLC007948,L17110GJ1985PLC007948,pan,Corporate / Financial / Compliance,Not available in free public filings,2026-08-26T15:00:00Z,Verified absence across free public sources
COMP_L17110GJ1985PLC008206,L17110GJ1985PLC008206,roc,Corporate / Financial / Compliance,Not available in free public filings,2026-08-26T15:00:00Z,Verified absence across free public sources
COMP_L17110GJ1985PLC008206,L17110GJ1985PLC008206,registration_date,Corporate / Financial / Compliance,Not available in free public filings,2026-08-26T15:00:00Z,Verified absence across free public sources
COMP_L17110GJ1985PLC008206,L17110GJ1985PLC008206,registered_office_address,Corporate / Financial / Compliance,Not available in free public filings,2026-08-26T15:00:00Z,Verified absence across free public sources
COMP_L17110GJ1985PLC008206,L17110GJ1985PLC008206,authorized_capital,Corporate / Financial / Compliance,Not available in free public filings,2026-08-26T15:00:00Z,Verified absence across free public sources
COMP_L17110GJ1985PLC008206,L17110GJ1985PLC008206,paid_up_capital,Corporate / Financial / Compliance,Not available in free public filings,2026-08-26T15:00:00Z,Verified absence across free public sources
COMP_L17110GJ1985PLC008206,L17110GJ1985PLC008206,principal_activity,Corporate / Financial / Compliance,Not available in free public filings,2026-08-26T15:00:00Z,Verified absence across free public sources
COMP_L17110GJ1985PLC008206,L17110GJ1985PLC008206,directors,Corporate / Financial / Compliance,Not available in free public filings,2026-08-26T15:00:00Z,Verified absence across free public sources
COMP_L17110GJ1985PLC008206,L17110GJ1985PLC008206,auditors,Corporate / Financial / Compliance,Not available in free public filings,2026-08-26T15:00:00Z,Verified absence across free public sources
COMP_L17110GJ1985PLC008206,L17110GJ1985PLC008206,gstin,Corporate / Financial / Compliance,Not available in free public filings,2026-08-26T15:00:00Z,Verified absence across free public sources
COMP_L17110GJ1985PLC008206,L17110GJ1985PLC008206,pan,Corporate / Financial / Compliance,Not available in free public filings,2026-08-26T15:00:00Z,Verified absence across free public sources
COMP_L17110GJ1985PLC033271,L17110GJ1985PLC033271,roc,Corporate / Financial / Compliance,Not available in free public filings,2026-08-26T15:00:00Z,Verified absence across free public sources
COMP_L17110GJ1985PLC033271,L17110GJ1985PLC033271,registration_date,Corporate / Financial / Compliance,Not available in free public filings,2026-08-26T15:00:00Z,Verified absence across free public sources
COMP_L17110GJ1985PLC033271,L17110GJ1985PLC033271,registered_office_address,Corporate / Financial / Compliance,Not available in free public filings,2026-08-26T15:00:00Z,Verified absence across free public sources
COMP_L17110GJ1985PLC033271,L17110GJ1985PLC033271,authorized_capital,Corporate / Financial / Compliance,Not available in free public filings,2026-08-26T15:00:00Z,Verified absence across free public sources
COMP_L17110GJ1985PLC033271,L17110GJ1985PLC033271,paid_up_capital,Corporate / Financial / Compliance,Not available in free public filings,2026-08-26T15:00:00Z,Verified absence across free public sources
COMP_L17110GJ1985PLC033271,L17110GJ1985PLC033271,principal_activity,Corporate / Financial / Compliance,Not available in free public filings,2026-08-26T15:00:00Z,Verified absence across free public sources
COMP_L17110GJ1985PLC033271,L17110GJ1985PLC033271,directors,Corporate / Financial / Compliance,Not available in free public filings,2026-08-26T15:00:00Z,Verified absence across free public sources
COMP_L17110GJ1985PLC033271,L17110GJ1985PLC033271,auditors,Corporate / Financial / Compliance,Not available in free public filings,2026-08-26T15:00:00Z,Verified absence across free public sources
COMP_L17110GJ1985PLC033271,L17110GJ1985PLC033271,gstin,Corporate / Financial / Compliance,Not available in free public filings,2026-08-26T15:00:00Z,Verified absence across free public sources
COMP_L17110GJ1985PLC033271,L17110GJ1985PLC033271,pan,Corporate / Financial / Compliance,Not available in free public filings,2026-08-26T15:00:00Z,Verified absence across free public sources
COMP_L17110GJ1986PLC008886,L17110GJ1986PLC008886,roc,Corporate / Financial / Compliance,Not available in free public filings,2026-08-26T15:00:00Z,Verified absence across free public sources
COMP_L17110GJ1986PLC008886,L17110GJ1986PLC008886,registration_date,Corporate / Financial / Compliance,Not available in free public filings,2026-08-26T15:00:00Z,Verified absence across free public sources
COMP_L17110GJ1986PLC008886,L17110GJ1986PLC008886,registered_office_address,Corporate / Financial / Compliance,Not available in free public filings,2026-08-26T15:00:00Z,Verified absence across free public sources
COMP_L17110GJ1986PLC008886,L17110GJ1986PLC008886,authorized_capital,Corporate / Financial / Compliance,Not available in free public filings,2026-08-26T15:00:00Z,Verified absence across free public sources
COMP_L17110GJ1986PLC008886,L17110GJ1986PLC008886,paid_up_capital,Corporate / Financial / Compliance,Not available in free public filings,2026-08-26T15:00:00Z,Verified absence across free public sources
COMP_L17110GJ1986PLC008886,L17110GJ1986PLC008886,principal_activity,Corporate / Financial / Compliance,Not available in free public filings,2026-08-26T15:00:00Z,Verified absence across free public sources
COMP_L17110GJ1986PLC008886,L17110GJ1986PLC008886,directors,Corporate / Financial / Compliance,Not available in free public filings,2026-08-26T15:00:00Z,Verified absence across free public sources
COMP_L17110GJ1986PLC008886,L17110GJ1986PLC008886,auditors,Corporate / Financial / Compliance,Not available in free public filings,2026-08-26T15:00:00Z,Verified absence across free public sources
COMP_L17110GJ1986PLC008886,L17110GJ1986PLC008886,gstin,Corporate / Financial / Compliance,Not available in free public filings,2026-08-26T15:00:00Z,Verified absence across free public sources
COMP_L17110GJ1986PLC008886,L17110GJ1986PLC008886,pan,Corporate / Financial / Compliance,Not available in free public filings,2026-08-26T15:00:00Z,Verified absence across free public sources
COMP_L17110GJ1986PLC008942,L17110GJ1986PLC008942,roc,Corporate / Financial / Compliance,Not available in free public filings,2026-08-26T15:00:00Z,Verified absence across free public sources
COMP_L17110GJ1986PLC008942,L17110GJ1986PLC008942,registration_date,Corporate / Financial / Compliance,Not available in free public filings,2026-08-26T15:00:00Z,Verified absence across free public sources
COMP_L17110GJ1986PLC008942,L17110GJ1986PLC008942,registered_office_address,Corporate / Financial / Compliance,Not available in free public filings,2026-08-26T15:00:00Z,Verified absence across free public sources
COMP_L17110GJ1986PLC008942,L17110GJ1986PLC008942,authorized_capital,Corporate / Financial / Compliance,Not available in free public filings,2026-08-26T15:00:00Z,Verified absence across free public sources
COMP_L17110GJ1986PLC008942,L17110GJ1986PLC008942,paid_up_capital,Corporate / Financial / Compliance,Not available in free public filings,2026-08-26T15:00:00Z,Verified absence across free public sources
COMP_L17110GJ1986PLC008942,L17110GJ1986PLC008942,principal_activity,Corporate / Financial / Compliance,Not available in free public filings,2026-08-26T15:00:00Z,Verified absence across free public sources
COMP_L17110GJ1986PLC008942,L17110GJ1986PLC008942,directors,Corporate / Financial / Compliance,Not available in free public filings,2026-08-26T15:00:00Z,Verified absence across free public sources
COMP_L17110GJ1986PLC008942,L17110GJ1986PLC008942,auditors,Corporate / Financial / Compliance,Not available in free public filings,2026-08-26T15:00:00Z,Verified absence across free public sources
COMP_L17110GJ1986PLC008942,L17110GJ1986PLC008942,gstin,Corporate / Financial / Compliance,Not available in free public filings,2026-08-26T15:00:00Z,Verified absence across free public sources
COMP_L17110GJ1986PLC008942,L17110GJ1986PLC008942,pan,Corporate / Financial / Compliance,Not available in free public filings,2026-08-26T15:00:00Z,Verified absence across free public sources
COMP_L17110GJ1986PLC009099,L17110GJ1986PLC009099,roc,Corporate / Financial / Compliance,Not available in free public filings,2026-08-26T15:00:00Z,Verified absence across free public sources
COMP_L17110GJ1986PLC009099,L17110GJ1986PLC009099,registration_date,Corporate / Financial / Compliance,Not available in free public filings,2026-08-26T15:00:00Z,Verified absence across free public sources
COMP_L17110GJ1986PLC009099,L17110GJ1986PLC009099,registered_office_address,Corporate / Financial / Compliance,Not available in free public filings,2026-08-26T15:00:00Z,Verified absence across free public sources
COMP_L17110GJ1986PLC009099,L17110GJ1986PLC009099,authorized_capital,Corporate / Financial / Compliance,Not available in free public filings,2026-08-26T15:00:00Z,Verified absence across free public sources
COMP_L17110GJ1986PLC009099,L17110GJ1986PLC009099,paid_up_capital,Corporate / Financial / Compliance,Not available in free public filings,2026-08-26T15:00:00Z,Verified absence across free public sources
COMP_L17110GJ1986PLC009099,L17110GJ1986PLC009099,principal_activity,Corporate / Financial / Compliance,Not available in free public filings,2026-08-26T15:00:00Z,Verified absence across free public sources
COMP_L17110GJ1986PLC009099,L17110GJ1986PLC009099,directors,Corporate / Financial / Compliance,Not available in free public filings,2026-08-26T15:00:00Z,Verified absence across free public sources
COMP_L17110GJ1986PLC009099,L17110GJ1986PLC009099,auditors,Corporate / Financial / Compliance,Not available in free public filings,2026-08-26T15:00:00Z,Verified absence across free public sources
COMP_L17110GJ1986PLC009099,L17110GJ1986PLC009099,gstin,Corporate / Financial / Compliance,Not available in free public filings,2026-08-26T15:00:00Z,Verified absence across free public sources
COMP_L17110GJ1986PLC009099,L17110GJ1986PLC009099,pan,Corporate / Financial / Compliance,Not available in free public filings,2026-08-26T15:00:00Z,Verified absence across free public sources
COMP_L17111GJ1984PLC045995,L17111GJ1984PLC045995,pan,Private / Restricted / Paid,Not available in free public filings (Rule No. 1 compliance),2026-08-26T17:30:00Z,Free data rule enforced
COMP_L17111GJ1984PLC045995,L17111GJ1984PLC045995,bank_statement_private,Private / Restricted / Paid,Not available in free public filings (Rule No. 1 compliance),2026-08-26T17:30:00Z,Free data rule enforced
COMP_L17111GJ1984PLC045995,L17111GJ1984PLC045995,paid_mca_chg1,Private / Restricted / Paid,Not available in free public filings (Rule No. 1 compliance),2026-08-26T17:30:00Z,Free data rule enforced
COMP_L17111GJ1986PLC048202,L17111GJ1986PLC048202,pan,Private / Restricted / Paid,Not available in free public filings (Rule No. 1 compliance),2026-08-26T17:30:00Z,Free data rule enforced
COMP_L17111GJ1986PLC048202,L17111GJ1986PLC048202,bank_statement_private,Private / Restricted / Paid,Not available in free public filings (Rule No. 1 compliance),2026-08-26T17:30:00Z,Free data rule enforced
COMP_L17111GJ1986PLC048202,L17111GJ1986PLC048202,paid_mca_chg1,Private / Restricted / Paid,Not available in free public filings (Rule No. 1 compliance),2026-08-26T17:30:00Z,Free data rule enforced
COMP_L17119GJ1982PLC005424,L17119GJ1982PLC005424,pan,Private / Restricted / Paid,Not available in free public filings (Rule No. 1 compliance),2026-08-26T17:30:00Z,Free data rule enforced
COMP_L17119GJ1982PLC005424,L17119GJ1982PLC005424,bank_statement_private,Private / Restricted / Paid,Not available in free public filings (Rule No. 1 compliance),2026-08-26T17:30:00Z,Free data rule enforced
COMP_L17119GJ1982PLC005424,L17119GJ1982PLC005424,paid_mca_chg1,Private / Restricted / Paid,Not available in free public filings (Rule No. 1 compliance),2026-08-26T17:30:00Z,Free data rule enforced
COMP_L17119GJ1982PLC009258,L17119GJ1982PLC009258,pan,Private / Restricted / Paid,Not available in free public filings (Rule No. 1 compliance),2026-08-26T17:30:00Z,Free data rule enforced
COMP_L17119GJ1982PLC009258,L17119GJ1982PLC009258,bank_statement_private,Private / Restricted / Paid,Not available in free public filings (Rule No. 1 compliance),2026-08-26T17:30:00Z,Free data rule enforced
COMP_L17119GJ1982PLC009258,L17119GJ1982PLC009258,paid_mca_chg1,Private / Restricted / Paid,Not available in free public filings (Rule No. 1 compliance),2026-08-26T17:30:00Z,Free data rule enforced
COMP_L17119GJ1986PLC009009,L17119GJ1986PLC009009,pan,Private / Restricted / Paid,Not available in free public filings (Rule No. 1 compliance),2026-08-26T17:30:00Z,Free data rule enforced
COMP_L17119GJ1986PLC009009,L17119GJ1986PLC009009,bank_statement_private,Private / Restricted / Paid,Not available in free public filings (Rule No. 1 compliance),2026-08-26T17:30:00Z,Free data rule enforced
COMP_L17119GJ1986PLC009009,L17119GJ1986PLC009009,paid_mca_chg1,Private / Restricted / Paid,Not available in free public filings (Rule No. 1 compliance),2026-08-26T17:30:00Z,Free data rule enforced
COMP_L17119GJ1986PLC009152,L17119GJ1986PLC009152,pan,Private / Restricted / Paid,Not available in free public filings (Rule No. 1 compliance),2026-08-26T17:30:00Z,Free data rule enforced
COMP_L17119GJ1986PLC009152,L17119GJ1986PLC009152,bank_statement_private,Private / Restricted / Paid,Not available in free public filings (Rule No. 1 compliance),2026-08-26T17:30:00Z,Free data rule enforced
COMP_L17119GJ1986PLC009152,L17119GJ1986PLC009152,paid_mca_chg1,Private / Restricted / Paid,Not available in free public filings (Rule No. 1 compliance),2026-08-26T17:30:00Z,Free data rule enforced
COMP_L17239GJ1985PLC007829,L17239GJ1985PLC007829,pan,Private / Restricted / Paid,Not available in free public filings (Rule No. 1 compliance),2026-08-26T17:30:00Z,Free data rule enforced
COMP_L17239GJ1985PLC007829,L17239GJ1985PLC007829,bank_statement_private,Private / Restricted / Paid,Not available in free public filings (Rule No. 1 compliance),2026-08-26T17:30:00Z,Free data rule enforced
COMP_L17239GJ1985PLC007829,L17239GJ1985PLC007829,paid_mca_chg1,Private / Restricted / Paid,Not available in free public filings (Rule No. 1 compliance),2026-08-26T17:30:00Z,Free data rule enforced
COMP_L18119GJ1984PLC006922,L18119GJ1984PLC006922,pan,Private / Restricted / Paid,Not available in free public filings (Rule No. 1 compliance),2026-08-26T17:30:00Z,Free data rule enforced
COMP_L18119GJ1984PLC006922,L18119GJ1984PLC006922,bank_statement_private,Private / Restricted / Paid,Not available in free public filings (Rule No. 1 compliance),2026-08-26T17:30:00Z,Free data rule enforced
COMP_L18119GJ1984PLC006922,L18119GJ1984PLC006922,paid_mca_chg1,Private / Restricted / Paid,Not available in free public filings (Rule No. 1 compliance),2026-08-26T17:30:00Z,Free data rule enforced
COMP_L19116GJ1983FLC006516,L19116GJ1983FLC006516,pan,Private / Restricted / Paid,Not available in free public filings (Rule No. 1 compliance),2026-08-26T17:30:00Z,Free data rule enforced
COMP_L19116GJ1983FLC006516,L19116GJ1983FLC006516,bank_statement_private,Private / Restricted / Paid,Not available in free public filings (Rule No. 1 compliance),2026-08-26T17:30:00Z,Free data rule enforced
COMP_L19116GJ1983FLC006516,L19116GJ1983FLC006516,paid_mca_chg1,Private / Restricted / Paid,Not available in free public filings (Rule No. 1 compliance),2026-08-26T17:30:00Z,Free data rule enforced
COMP_L20299GJ1985PLC008047,L20299GJ1985PLC008047,pan,Private / Restricted / Paid,Not available in free public filings (Rule No. 1 compliance),2026-08-26T17:30:00Z,Free data rule enforced
COMP_L20299GJ1985PLC008047,L20299GJ1985PLC008047,bank_statement_private,Private / Restricted / Paid,Not available in free public filings (Rule No. 1 compliance),2026-08-26T17:30:00Z,Free data rule enforced
COMP_L20299GJ1985PLC008047,L20299GJ1985PLC008047,paid_mca_chg1,Private / Restricted / Paid,Not available in free public filings (Rule No. 1 compliance),2026-08-26T17:30:00Z,Free data rule enforced
COMP_L20310GJ1984PLC006994,L20310GJ1984PLC006994,pan,Private / Restricted / Paid,Not available in free public filings (Rule No. 1 compliance),2026-08-26T17:30:00Z,Free data rule enforced
COMP_L20310GJ1984PLC006994,L20310GJ1984PLC006994,bank_statement_private,Private / Restricted / Paid,Not available in free public filings (Rule No. 1 compliance),2026-08-26T17:30:00Z,Free data rule enforced
COMP_L20310GJ1984PLC006994,L20310GJ1984PLC006994,paid_mca_chg1,Private / Restricted / Paid,Not available in free public filings (Rule No. 1 compliance),2026-08-26T17:30:00Z,Free data rule enforced
COMP_L21010GJ1986PLC008772,L21010GJ1986PLC008772,pan,Private / Restricted / Paid,Not available in free public filings (Rule No. 1 compliance),2026-08-26T17:30:00Z,Free data rule enforced
COMP_L21010GJ1986PLC008772,L21010GJ1986PLC008772,bank_statement_private,Private / Restricted / Paid,Not available in free public filings (Rule No. 1 compliance),2026-08-26T17:30:00Z,Free data rule enforced
COMP_L21010GJ1986PLC008772,L21010GJ1986PLC008772,paid_mca_chg1,Private / Restricted / Paid,Not available in free public filings (Rule No. 1 compliance),2026-08-26T17:30:00Z,Free data rule enforced
COMP_L23200GJ1985PLC008013,L23200GJ1985PLC008013,pan,Private / Restricted / Paid,Not available in free public filings (Rule No. 1 compliance),2026-08-26T17:30:00Z,Free data rule enforced
COMP_L23200GJ1985PLC008013,L23200GJ1985PLC008013,bank_statement_private,Private / Restricted / Paid,Not available in free public filings (Rule No. 1 compliance),2026-08-26T17:30:00Z,Free data rule enforced
COMP_L23200GJ1985PLC008013,L23200GJ1985PLC008013,paid_mca_chg1,Private / Restricted / Paid,Not available in free public filings (Rule No. 1 compliance),2026-08-26T17:30:00Z,Free data rule enforced
COMP_L23209GJ1982PLC005062,L23209GJ1982PLC005062,pan,Private / Restricted / Paid,Not available in free public filings (Rule No. 1 compliance),2026-08-26T17:30:00Z,Free data rule enforced
COMP_L23209GJ1982PLC005062,L23209GJ1982PLC005062,bank_statement_private,Private / Restricted / Paid,Not available in free public filings (Rule No. 1 compliance),2026-08-26T17:30:00Z,Free data rule enforced
COMP_L23209GJ1982PLC005062,L23209GJ1982PLC005062,paid_mca_chg1,Private / Restricted / Paid,Not available in free public filings (Rule No. 1 compliance),2026-08-26T17:30:00Z,Free data rule enforced
COMP_L24100GJ1982PLC005302,L24100GJ1982PLC005302,pan,Private / Restricted / Paid,Not available in free public filings (Rule No. 1 compliance),2026-08-26T17:30:00Z,Free data rule enforced
COMP_L24100GJ1982PLC005302,L24100GJ1982PLC005302,bank_statement_private,Private / Restricted / Paid,Not available in free public filings (Rule No. 1 compliance),2026-08-26T17:30:00Z,Free data rule enforced
COMP_L24100GJ1982PLC005302,L24100GJ1982PLC005302,paid_mca_chg1,Private / Restricted / Paid,Not available in free public filings (Rule No. 1 compliance),2026-08-26T17:30:00Z,Free data rule enforced
COMP_L24100GJ1983PLC006513,L24100GJ1983PLC006513,pan,Private / Restricted / Paid,Not available in free public filings (Rule No. 1 compliance),2026-08-26T17:30:00Z,Free data rule enforced
COMP_L24100GJ1983PLC006513,L24100GJ1983PLC006513,bank_statement_private,Private / Restricted / Paid,Not available in free public filings (Rule No. 1 compliance),2026-08-26T17:30:00Z,Free data rule enforced
COMP_L24100GJ1983PLC006513,L24100GJ1983PLC006513,paid_mca_chg1,Private / Restricted / Paid,Not available in free public filings (Rule No. 1 compliance),2026-08-26T17:30:00Z,Free data rule enforced
COMP_L24100GJ1984PLC111413,L24100GJ1984PLC111413,pan,Private / Restricted / Paid,Not available in free public filings (Rule No. 1 compliance),2026-08-26T17:30:00Z,Free data rule enforced
COMP_L24100GJ1984PLC111413,L24100GJ1984PLC111413,bank_statement_private,Private / Restricted / Paid,Not available in free public filings (Rule No. 1 compliance),2026-08-26T17:30:00Z,Free data rule enforced
COMP_L24100GJ1984PLC111413,L24100GJ1984PLC111413,paid_mca_chg1,Private / Restricted / Paid,Not available in free public filings (Rule No. 1 compliance),2026-08-26T17:30:00Z,Free data rule enforced
COMP_L24100GJ1985PLC007753,L24100GJ1985PLC007753,pan,Private / Restricted / Paid,Not available in free public filings (Rule No. 1 compliance),2026-08-26T17:30:00Z,Free data rule enforced
COMP_L24100GJ1985PLC007753,L24100GJ1985PLC007753,bank_statement_private,Private / Restricted / Paid,Not available in free public filings (Rule No. 1 compliance),2026-08-26T17:30:00Z,Free data rule enforced
COMP_L24100GJ1985PLC007753,L24100GJ1985PLC007753,paid_mca_chg1,Private / Restricted / Paid,Not available in free public filings (Rule No. 1 compliance),2026-08-26T17:30:00Z,Free data rule enforced
COMP_L24110GJ1982PLC005057,L24110GJ1982PLC005057,pan,Private / Restricted / Paid,Not available in free public filings (Rule No. 1 compliance),2026-08-26T17:30:00Z,Free data rule enforced
COMP_L24110GJ1982PLC005057,L24110GJ1982PLC005057,bank_statement_private,Private / Restricted / Paid,Not available in free public filings (Rule No. 1 compliance),2026-08-26T17:30:00Z,Free data rule enforced
COMP_L24110GJ1982PLC005057,L24110GJ1982PLC005057,paid_mca_chg1,Private / Restricted / Paid,Not available in free public filings (Rule No. 1 compliance),2026-08-26T17:30:00Z,Free data rule enforced
COMP_L24110GJ1984PLC007301,L24110GJ1984PLC007301,pan,Private / Restricted / Paid,Not available in free public filings (Rule No. 1 compliance),2026-08-26T17:30:00Z,Free data rule enforced
COMP_L24110GJ1984PLC007301,L24110GJ1984PLC007301,bank_statement_private,Private / Restricted / Paid,Not available in free public filings (Rule No. 1 compliance),2026-08-26T17:30:00Z,Free data rule enforced
COMP_L24110GJ1984PLC007301,L24110GJ1984PLC007301,paid_mca_chg1,Private / Restricted / Paid,Not available in free public filings (Rule No. 1 compliance),2026-08-26T17:30:00Z,Free data rule enforced
COMP_L24110GJ1985PLC008225,L24110GJ1985PLC008225,pan,Private / Restricted / Paid,Not available in free public filings (Rule No. 1 compliance),2026-08-26T17:30:00Z,Free data rule enforced
COMP_L24110GJ1985PLC008225,L24110GJ1985PLC008225,bank_statement_private,Private / Restricted / Paid,Not available in free public filings (Rule No. 1 compliance),2026-08-26T17:30:00Z,Free data rule enforced
COMP_L24110GJ1985PLC008225,L24110GJ1985PLC008225,paid_mca_chg1,Private / Restricted / Paid,Not available in free public filings (Rule No. 1 compliance),2026-08-26T17:30:00Z,Free data rule enforced
COMP_L24110GJ1986PLC008634,L24110GJ1986PLC008634,pan,Private / Restricted / Paid,Not available in free public filings (Rule No. 1 compliance),2026-08-26T17:30:00Z,Free data rule enforced
COMP_L24110GJ1986PLC008634,L24110GJ1986PLC008634,bank_statement_private,Private / Restricted / Paid,Not available in free public filings (Rule No. 1 compliance),2026-08-26T17:30:00Z,Free data rule enforced
COMP_L24110GJ1986PLC008634,L24110GJ1986PLC008634,paid_mca_chg1,Private / Restricted / Paid,Not available in free public filings (Rule No. 1 compliance),2026-08-26T17:30:00Z,Free data rule enforced
COMP_L24110GJ1986PLC008924,L24110GJ1986PLC008924,pan,Private / Restricted / Paid,Not available in free public filings (Rule No. 1 compliance),2026-08-26T17:30:00Z,Free data rule enforced
COMP_L24110GJ1986PLC008924,L24110GJ1986PLC008924,bank_statement_private,Private / Restricted / Paid,Not available in free public filings (Rule No. 1 compliance),2026-08-26T17:30:00Z,Free data rule enforced
COMP_L24110GJ1986PLC008924,L24110GJ1986PLC008924,paid_mca_chg1,Private / Restricted / Paid,Not available in free public filings (Rule No. 1 compliance),2026-08-26T17:30:00Z,Free data rule enforced
COMP_L24110GJ1986PLC009003,L24110GJ1986PLC009003,pan,Private / Restricted / Paid,Not available in free public filings (Rule No. 1 compliance),2026-08-26T17:30:00Z,Free data rule enforced
COMP_L24110GJ1986PLC009003,L24110GJ1986PLC009003,bank_statement_private,Private / Restricted / Paid,Not available in free public filings (Rule No. 1 compliance),2026-08-26T17:30:00Z,Free data rule enforced
COMP_L24110GJ1986PLC009003,L24110GJ1986PLC009003,paid_mca_chg1,Private / Restricted / Paid,Not available in free public filings (Rule No. 1 compliance),2026-08-26T17:30:00Z,Free data rule enforced
COMP_L24110GJ1986PLC009140,L24110GJ1986PLC009140,pan,Private / Restricted / Paid,Not available in free public filings (Rule No. 1 compliance),2026-08-26T17:30:00Z,Free data rule enforced
COMP_L24110GJ1986PLC009140,L24110GJ1986PLC009140,bank_statement_private,Private / Restricted / Paid,Not available in free public filings (Rule No. 1 compliance),2026-08-26T17:30:00Z,Free data rule enforced
COMP_L24110GJ1986PLC009140,L24110GJ1986PLC009140,paid_mca_chg1,Private / Restricted / Paid,Not available in free public filings (Rule No. 1 compliance),2026-08-26T17:30:00Z,Free data rule enforced
COMP_L24117GJ1985PLC007985,L24117GJ1985PLC007985,pan,Private / Restricted / Paid,Not available in free public filings (Rule No. 1 compliance),2026-08-26T17:30:00Z,Free data rule enforced
COMP_L24117GJ1985PLC007985,L24117GJ1985PLC007985,bank_statement_private,Private / Restricted / Paid,Not available in free public filings (Rule No. 1 compliance),2026-08-26T17:30:00Z,Free data rule enforced
COMP_L24117GJ1985PLC007985,L24117GJ1985PLC007985,paid_mca_chg1,Private / Restricted / Paid,Not available in free public filings (Rule No. 1 compliance),2026-08-26T17:30:00Z,Free data rule enforced
COMP_L24219GJ1985PLC025132,L24219GJ1985PLC025132,pan,Private / Restricted / Paid,Not available in free public filings (Rule No. 1 compliance),2026-08-26T17:30:00Z,Free data rule enforced
COMP_L24219GJ1985PLC025132,L24219GJ1985PLC025132,bank_statement_private,Private / Restricted / Paid,Not available in free public filings (Rule No. 1 compliance),2026-08-26T17:30:00Z,Free data rule enforced
COMP_L24219GJ1985PLC025132,L24219GJ1985PLC025132,paid_mca_chg1,Private / Restricted / Paid,Not available in free public filings (Rule No. 1 compliance),2026-08-26T17:30:00Z,Free data rule enforced
COMP_L24230GJ1983PLC006329,L24230GJ1983PLC006329,pan,Private / Restricted / Paid,Not available in free public filings (Rule No. 1 compliance),2026-08-26T17:30:00Z,Free data rule enforced
COMP_L24230GJ1983PLC006329,L24230GJ1983PLC006329,bank_statement_private,Private / Restricted / Paid,Not available in free public filings (Rule No. 1 compliance),2026-08-26T17:30:00Z,Free data rule enforced
COMP_L24230GJ1983PLC006329,L24230GJ1983PLC006329,paid_mca_chg1,Private / Restricted / Paid,Not available in free public filings (Rule No. 1 compliance),2026-08-26T17:30:00Z,Free data rule enforced
COMP_L24230GJ1984PLC007540,L24230GJ1984PLC007540,pan,Private / Restricted / Paid,Not available in free public filings (Rule No. 1 compliance),2026-08-26T17:30:00Z,Free data rule enforced
COMP_L24230GJ1984PLC007540,L24230GJ1984PLC007540,bank_statement_private,Private / Restricted / Paid,Not available in free public filings (Rule No. 1 compliance),2026-08-26T17:30:00Z,Free data rule enforced
COMP_L24230GJ1984PLC007540,L24230GJ1984PLC007540,paid_mca_chg1,Private / Restricted / Paid,Not available in free public filings (Rule No. 1 compliance),2026-08-26T17:30:00Z,Free data rule enforced
COMP_L24231GJ1982PLC005012,L24231GJ1982PLC005012,pan,Private / Restricted / Paid,Not available in free public filings (Rule No. 1 compliance),2026-08-26T17:30:00Z,Free data rule enforced
COMP_L24231GJ1982PLC005012,L24231GJ1982PLC005012,bank_statement_private,Private / Restricted / Paid,Not available in free public filings (Rule No. 1 compliance),2026-08-26T17:30:00Z,Free data rule enforced
COMP_L24231GJ1982PLC005012,L24231GJ1982PLC005012,paid_mca_chg1,Private / Restricted / Paid,Not available in free public filings (Rule No. 1 compliance),2026-08-26T17:30:00Z,Free data rule enforced
COMP_L24231GJ1985PLC007664,L24231GJ1985PLC007664,pan,Private / Restricted / Paid,Not available in free public filings (Rule No. 1 compliance),2026-08-26T17:30:00Z,Free data rule enforced
COMP_L24231GJ1985PLC007664,L24231GJ1985PLC007664,bank_statement_private,Private / Restricted / Paid,Not available in free public filings (Rule No. 1 compliance),2026-08-26T17:30:00Z,Free data rule enforced
COMP_L24231GJ1985PLC007664,L24231GJ1985PLC007664,paid_mca_chg1,Private / Restricted / Paid,Not available in free public filings (Rule No. 1 compliance),2026-08-26T17:30:00Z,Free data rule enforced
COMP_L24240GJ1985PLC008282,L24240GJ1985PLC008282,pan,Private / Restricted / Paid,Not available in free public filings (Rule No. 1 compliance),2026-08-26T17:30:00Z,Free data rule enforced
COMP_L24240GJ1985PLC008282,L24240GJ1985PLC008282,bank_statement_private,Private / Restricted / Paid,Not available in free public filings (Rule No. 1 compliance),2026-08-26T17:30:00Z,Free data rule enforced
COMP_L24240GJ1985PLC008282,L24240GJ1985PLC008282,paid_mca_chg1,Private / Restricted / Paid,Not available in free public filings (Rule No. 1 compliance),2026-08-26T17:30:00Z,Free data rule enforced
COMP_L24294GJ1982PLC048201,L24294GJ1982PLC048201,pan,Private / Restricted / Paid,Not available in free public filings (Rule No. 1 compliance),2026-08-26T17:30:00Z,Free data rule enforced
COMP_L24294GJ1982PLC048201,L24294GJ1982PLC048201,bank_statement_private,Private / Restricted / Paid,Not available in free public filings (Rule No. 1 compliance),2026-08-26T17:30:00Z,Free data rule enforced
COMP_L24294GJ1982PLC048201,L24294GJ1982PLC048201,paid_mca_chg1,Private / Restricted / Paid,Not available in free public filings (Rule No. 1 compliance),2026-08-26T17:30:00Z,Free data rule enforced
COMP_L24299GJ1982PLC005425,L24299GJ1982PLC005425,pan,Private / Restricted / Paid,Not available in free public filings (Rule No. 1 compliance),2026-08-26T17:30:00Z,Free data rule enforced
COMP_L24299GJ1982PLC005425,L24299GJ1982PLC005425,bank_statement_private,Private / Restricted / Paid,Not available in free public filings (Rule No. 1 compliance),2026-08-26T17:30:00Z,Free data rule enforced
COMP_L24299GJ1982PLC005425,L24299GJ1982PLC005425,paid_mca_chg1,Private / Restricted / Paid,Not available in free public filings (Rule No. 1 compliance),2026-08-26T17:30:00Z,Free data rule enforced
COMP_L25199GJ1986PLC009071,L25199GJ1986PLC009071,pan,Private / Restricted / Paid,Not available in free public filings (Rule No. 1 compliance),2026-08-26T17:30:00Z,Free data rule enforced
COMP_L25199GJ1986PLC009071,L25199GJ1986PLC009071,bank_statement_private,Private / Restricted / Paid,Not available in free public filings (Rule No. 1 compliance),2026-08-26T17:30:00Z,Free data rule enforced
COMP_L25199GJ1986PLC009071,L25199GJ1986PLC009071,paid_mca_chg1,Private / Restricted / Paid,Not available in free public filings (Rule No. 1 compliance),2026-08-26T17:30:00Z,Free data rule enforced
COMP_L25200GJ1984PLC050560,L25200GJ1984PLC050560,pan,Private / Restricted / Paid,Not available in free public filings (Rule No. 1 compliance),2026-08-26T17:30:00Z,Free data rule enforced
COMP_L25200GJ1984PLC050560,L25200GJ1984PLC050560,bank_statement_private,Private / Restricted / Paid,Not available in free public filings (Rule No. 1 compliance),2026-08-26T17:30:00Z,Free data rule enforced
COMP_L25200GJ1984PLC050560,L25200GJ1984PLC050560,paid_mca_chg1,Private / Restricted / Paid,Not available in free public filings (Rule No. 1 compliance),2026-08-26T17:30:00Z,Free data rule enforced
COMP_L25200GJ1985PLC007746,L25200GJ1985PLC007746,pan,Private / Restricted / Paid,Not available in free public filings (Rule No. 1 compliance),2026-08-26T17:30:00Z,Free data rule enforced
COMP_L25200GJ1985PLC007746,L25200GJ1985PLC007746,bank_statement_private,Private / Restricted / Paid,Not available in free public filings (Rule No. 1 compliance),2026-08-26T17:30:00Z,Free data rule enforced
COMP_L25200GJ1985PLC007746,L25200GJ1985PLC007746,paid_mca_chg1,Private / Restricted / Paid,Not available in free public filings (Rule No. 1 compliance),2026-08-26T17:30:00Z,Free data rule enforced
COMP_L25209GJ1984PLC007252,L25209GJ1984PLC007252,pan,Private / Restricted / Paid,Not available in free public filings (Rule No. 1 compliance),2026-08-26T17:30:00Z,Free data rule enforced
COMP_L25209GJ1984PLC007252,L25209GJ1984PLC007252,bank_statement_private,Private / Restricted / Paid,Not available in free public filings (Rule No. 1 compliance),2026-08-26T17:30:00Z,Free data rule enforced
COMP_L25209GJ1984PLC007252,L25209GJ1984PLC007252,paid_mca_chg1,Private / Restricted / Paid,Not available in free public filings (Rule No. 1 compliance),2026-08-26T17:30:00Z,Free data rule enforced
COMP_L25209GJ1986PLC009021,L25209GJ1986PLC009021,pan,Private / Restricted / Paid,Not available in free public filings (Rule No. 1 compliance),2026-08-26T17:30:00Z,Free data rule enforced
COMP_L25209GJ1986PLC009021,L25209GJ1986PLC009021,bank_statement_private,Private / Restricted / Paid,Not available in free public filings (Rule No. 1 compliance),2026-08-26T17:30:00Z,Free data rule enforced
COMP_L25209GJ1986PLC009021,L25209GJ1986PLC009021,paid_mca_chg1,Private / Restricted / Paid,Not available in free public filings (Rule No. 1 compliance),2026-08-26T17:30:00Z,Free data rule enforced
COMP_L26921GJ1985PLC008196,L26921GJ1985PLC008196,pan,Private / Restricted / Paid,Not available in free public filings (Rule No. 1 compliance),2026-08-26T17:30:00Z,Free data rule enforced
COMP_L26921GJ1985PLC008196,L26921GJ1985PLC008196,bank_statement_private,Private / Restricted / Paid,Not available in free public filings (Rule No. 1 compliance),2026-08-26T17:30:00Z,Free data rule enforced
COMP_L26921GJ1985PLC008196,L26921GJ1985PLC008196,paid_mca_chg1,Private / Restricted / Paid,Not available in free public filings (Rule No. 1 compliance),2026-08-26T17:30:00Z,Free data rule enforced
COMP_L26931GJ1986PLC102350,L26931GJ1986PLC102350,pan,Private / Restricted / Paid,Not available in free public filings (Rule No. 1 compliance),2026-08-26T17:30:00Z,Free data rule enforced
COMP_L26931GJ1986PLC102350,L26931GJ1986PLC102350,bank_statement_private,Private / Restricted / Paid,Not available in free public filings (Rule No. 1 compliance),2026-08-26T17:30:00Z,Free data rule enforced
COMP_L26931GJ1986PLC102350,L26931GJ1986PLC102350,paid_mca_chg1,Private / Restricted / Paid,Not available in free public filings (Rule No. 1 compliance),2026-08-26T17:30:00Z,Free data rule enforced
COMP_L26940GJ1983PLC006400,L26940GJ1983PLC006400,pan,Private / Restricted / Paid,Not available in free public filings (Rule No. 1 compliance),2026-08-26T17:30:00Z,Free data rule enforced
COMP_L26940GJ1983PLC006400,L26940GJ1983PLC006400,bank_statement_private,Private / Restricted / Paid,Not available in free public filings (Rule No. 1 compliance),2026-08-26T17:30:00Z,Free data rule enforced
COMP_L26940GJ1983PLC006400,L26940GJ1983PLC006400,paid_mca_chg1,Private / Restricted / Paid,Not available in free public filings (Rule No. 1 compliance),2026-08-26T17:30:00Z,Free data rule enforced
COMP_L27100GJ1984PLC007185,L27100GJ1984PLC007185,pan,Private / Restricted / Paid,Not available in free public filings (Rule No. 1 compliance),2026-08-26T17:30:00Z,Free data rule enforced
COMP_L27100GJ1984PLC007185,L27100GJ1984PLC007185,bank_statement_private,Private / Restricted / Paid,Not available in free public filings (Rule No. 1 compliance),2026-08-26T17:30:00Z,Free data rule enforced
COMP_L27100GJ1984PLC007185,L27100GJ1984PLC007185,paid_mca_chg1,Private / Restricted / Paid,Not available in free public filings (Rule No. 1 compliance),2026-08-26T17:30:00Z,Free data rule enforced
COMP_L27100GJ1985PLC008286,L27100GJ1985PLC008286,pan,Private / Restricted / Paid,Not available in free public filings (Rule No. 1 compliance),2026-08-26T17:30:00Z,Free data rule enforced
COMP_L27100GJ1985PLC008286,L27100GJ1985PLC008286,bank_statement_private,Private / Restricted / Paid,Not available in free public filings (Rule No. 1 compliance),2026-08-26T17:30:00Z,Free data rule enforced
COMP_L27100GJ1985PLC008286,L27100GJ1985PLC008286,paid_mca_chg1,Private / Restricted / Paid,Not available in free public filings (Rule No. 1 compliance),2026-08-26T17:30:00Z,Free data rule enforced
COMP_L27100GJ1986PLC009212,L27100GJ1986PLC009212,pan,Private / Restricted / Paid,Not available in free public filings (Rule No. 1 compliance),2026-08-26T17:30:00Z,Free data rule enforced
COMP_L27100GJ1986PLC009212,L27100GJ1986PLC009212,bank_statement_private,Private / Restricted / Paid,Not available in free public filings (Rule No. 1 compliance),2026-08-26T17:30:00Z,Free data rule enforced
COMP_L27100GJ1986PLC009212,L27100GJ1986PLC009212,paid_mca_chg1,Private / Restricted / Paid,Not available in free public filings (Rule No. 1 compliance),2026-08-26T17:30:00Z,Free data rule enforced
COMP_L27109GJ1986PLC008770,L27109GJ1986PLC008770,pan,Private / Restricted / Paid,Not available in free public filings (Rule No. 1 compliance),2026-08-26T17:30:00Z,Free data rule enforced
COMP_L27109GJ1986PLC008770,L27109GJ1986PLC008770,bank_statement_private,Private / Restricted / Paid,Not available in free public filings (Rule No. 1 compliance),2026-08-26T17:30:00Z,Free data rule enforced
COMP_L27109GJ1986PLC008770,L27109GJ1986PLC008770,paid_mca_chg1,Private / Restricted / Paid,Not available in free public filings (Rule No. 1 compliance),2026-08-26T17:30:00Z,Free data rule enforced
COMP_L27209GJ1984PLC098951,L27209GJ1984PLC098951,pan,Private / Restricted / Paid,Not available in free public filings (Rule No. 1 compliance),2026-08-26T17:30:00Z,Free data rule enforced
COMP_L27209GJ1984PLC098951,L27209GJ1984PLC098951,bank_statement_private,Private / Restricted / Paid,Not available in free public filings (Rule No. 1 compliance),2026-08-26T17:30:00Z,Free data rule enforced
COMP_L27209GJ1984PLC098951,L27209GJ1984PLC098951,paid_mca_chg1,Private / Restricted / Paid,Not available in free public filings (Rule No. 1 compliance),2026-08-26T17:30:00Z,Free data rule enforced
COMP_L29199GJ1984PLC007130,L29199GJ1984PLC007130,pan,Private / Restricted / Paid,Not available in free public filings (Rule No. 1 compliance),2026-08-26T17:30:00Z,Free data rule enforced
COMP_L29199GJ1984PLC007130,L29199GJ1984PLC007130,bank_statement_private,Private / Restricted / Paid,Not available in free public filings (Rule No. 1 compliance),2026-08-26T17:30:00Z,Free data rule enforced
COMP_L29199GJ1984PLC007130,L29199GJ1984PLC007130,paid_mca_chg1,Private / Restricted / Paid,Not available in free public filings (Rule No. 1 compliance),2026-08-26T17:30:00Z,Free data rule enforced
COMP_L29199GJ1984PLC007177,L29199GJ1984PLC007177,pan,Private / Restricted / Paid,Not available in free public filings (Rule No. 1 compliance),2026-08-26T17:30:00Z,Free data rule enforced
COMP_L29199GJ1984PLC007177,L29199GJ1984PLC007177,bank_statement_private,Private / Restricted / Paid,Not available in free public filings (Rule No. 1 compliance),2026-08-26T17:30:00Z,Free data rule enforced
COMP_L29199GJ1984PLC007177,L29199GJ1984PLC007177,paid_mca_chg1,Private / Restricted / Paid,Not available in free public filings (Rule No. 1 compliance),2026-08-26T17:30:00Z,Free data rule enforced
COMP_L29199GJ1984PLC007195,L29199GJ1984PLC007195,pan,Private / Restricted / Paid,Not available in free public filings (Rule No. 1 compliance),2026-08-26T17:30:00Z,Free data rule enforced
COMP_L29199GJ1984PLC007195,L29199GJ1984PLC007195,bank_statement_private,Private / Restricted / Paid,Not available in free public filings (Rule No. 1 compliance),2026-08-26T17:30:00Z,Free data rule enforced
COMP_L29199GJ1984PLC007195,L29199GJ1984PLC007195,paid_mca_chg1,Private / Restricted / Paid,Not available in free public filings (Rule No. 1 compliance),2026-08-26T17:30:00Z,Free data rule enforced
