source_type,source_id,source_name,edge_type,target_type,target_id,target_name,start_date,end_date,source_url,source_page,confidence
COMPANY,U72900MH2021PTC368492,Adafoa technology Pvt ltd,REGISTERED_AT,ADDRESS,ADDR_D38D0E0DCB,Registered Address for Adafoa technology Pvt ltd,,,https://api.data.gov.in,1,HIGH
COMPANY,U01403MH2015PTC261942,BAGLAN FARMERS PRODUCER COMPANY LIMITED-20260803T053634Z-1-001,REGISTERED_AT,ADDRESS,ADDR_AE13E374C8,Registered Address for BAGLAN FARMERS PRODUCER COMPANY LIMITED-20260803T053634Z-1-001,,,https://api.data.gov.in,1,HIGH
COMPANY,U65993MH1982PTC027783,BALBIR HOLDINGS PRIVATE LIMITED,REGISTERED_AT,ADDRESS,ADDR_966CCB2143,Registered Address for BALBIR HOLDINGS PRIVATE LIMITED,,,https://api.data.gov.in,1,HIGH
COMPANY,U24110MH1998PTC113702,DOW CHEMICAL INTERNATIONAL PRIVATE LIMITED,REGISTERED_AT,ADDRESS,ADDR_F268CDB51C,Registered Address for DOW CHEMICAL INTERNATIONAL PRIVATE LIMITED,,,https://api.data.gov.in,1,HIGH
COMPANY,U74999MH2019PTC324789,Digivolution consultancy Pvt lt,REGISTERED_AT,ADDRESS,ADDR_B2CB64B8BD,Registered Address for Digivolution consultancy Pvt lt,,,https://api.data.gov.in,1,HIGH
COMPANY,L05004GJ1985PLC008318,GUJARAT REFRACTORIES LIMITED,REGISTERED_AT,ADDRESS,ADDR_BF33BE56C9,Registered Address for GUJARAT REFRACTORIES LIMITED,,,https://api.data.gov.in,1,HIGH
COMPANY,L11711GJ1984PLC007048,ANJANI SYNTHETICS LIMITED,REGISTERED_AT,ADDRESS,ADDR_6CA7B82321,Registered Address for ANJANI SYNTHETICS LIMITED,,,https://api.data.gov.in,1,HIGH
COMPANY,L15142GJ1983PLC006574,PRASHANT INDIA LIMITED,REGISTERED_AT,ADDRESS,ADDR_B1FF7217C4,Registered Address for PRASHANT INDIA LIMITED,,,https://api.data.gov.in,1,HIGH
COMPANY,L15142GJ1986PLC008598,M RAVJI OIL INDUSTRIES LIMITED,REGISTERED_AT,ADDRESS,ADDR_62AC44F4CF,Registered Address for M RAVJI OIL INDUSTRIES LIMITED,,,https://api.data.gov.in,1,HIGH
COMPANY,L15200GJ1986PLC009146,DHARNENDRA INDUSTRIES LIMITED,REGISTERED_AT,ADDRESS,ADDR_AECDDE2414,Registered Address for DHARNENDRA INDUSTRIES LIMITED,,,https://api.data.gov.in,1,HIGH
COMPANY,L15400GJ1985PLC007773,RAJHANS FOOD LIMITED,REGISTERED_AT,ADDRESS,ADDR_84A3AABB94,Registered Address for RAJHANS FOOD LIMITED,,,https://api.data.gov.in,1,HIGH
COMPANY,L15419GJ1982PLC005071,SHAH FOODS LIMITED,REGISTERED_AT,ADDRESS,ADDR_21E951F450,Registered Address for SHAH FOODS LIMITED,,,https://api.data.gov.in,1,HIGH
COMPANY,L17100GJ1983PLC028990,AARNAV FASHIONS LIMITED,REGISTERED_AT,ADDRESS,ADDR_A24E97E75F,Registered Address for AARNAV FASHIONS LIMITED,,,https://api.data.gov.in,1,HIGH
COMPANY,L17110GJ1982PLC004960,GSL (INDIA) LIMITED,REGISTERED_AT,ADDRESS,ADDR_30F6A64A71,Registered Address for GSL (INDIA) LIMITED,,,https://api.data.gov.in,1,HIGH
COMPANY,L17110GJ1983PLC006309,SANRHEA TECHNICAL TEXTILES LIMITED,REGISTERED_AT,ADDRESS,ADDR_163A5AABA1,Registered Address for SANRHEA TECHNICAL TEXTILES LIMITED,,,https://api.data.gov.in,1,HIGH
COMPANY,L17110GJ1983PLC006462,JAYATMA INDUSTRIES LIMITED,REGISTERED_AT,ADDRESS,ADDR_AEBDB42C6D,Registered Address for JAYATMA INDUSTRIES LIMITED,,,https://api.data.gov.in,1,HIGH
COMPANY,L17110GJ1984PLC007124,GUJARAT RAFFIA INDUSTRIES LIMITED,REGISTERED_AT,ADDRESS,ADDR_13F6B8D3DE,Registered Address for GUJARAT RAFFIA INDUSTRIES LIMITED,,,https://api.data.gov.in,1,HIGH
COMPANY,L17110GJ1984PLC007266,GUJARAT FILAMENTS LIMITED,REGISTERED_AT,ADDRESS,ADDR_792F3C75BB,Registered Address for GUJARAT FILAMENTS LIMITED,,,https://api.data.gov.in,1,HIGH
COMPANY,L17110GJ1985PLC007799,ADITYA POLYMERS LIMITED,REGISTERED_AT,ADDRESS,ADDR_1152ADAA82,Registered Address for ADITYA POLYMERS LIMITED,,,https://api.data.gov.in,1,HIGH
COMPANY,L17110GJ1985PLC007948,DHANENDRA OVERSAS LIMITED,REGISTERED_AT,ADDRESS,ADDR_AC3E70A38A,Registered Address for DHANENDRA OVERSAS LIMITED,,,https://api.data.gov.in,1,HIGH
COMPANY,L17110GJ1985PLC008206,VISHAL FABRICS LIMITED,REGISTERED_AT,ADDRESS,ADDR_77F5E47039,Registered Address for VISHAL FABRICS LIMITED,,,https://api.data.gov.in,1,HIGH
COMPANY,L17110GJ1985PLC033271,WELSPUN INDIA LIMITED,REGISTERED_AT,ADDRESS,ADDR_D830704277,Registered Address for WELSPUN INDIA LIMITED,,,https://api.data.gov.in,1,HIGH
COMPANY,L17110GJ1986PLC008886,ARVIND PRODUCTS LIMITED,REGISTERED_AT,ADDRESS,ADDR_ADD4926888,Registered Address for ARVIND PRODUCTS LIMITED,,,https://api.data.gov.in,1,HIGH
COMPANY,L17110GJ1986PLC008942,JINDAL WORLDWIDE LIMITED,REGISTERED_AT,ADDRESS,ADDR_2DE398A6B7,Registered Address for JINDAL WORLDWIDE LIMITED,,,https://api.data.gov.in,1,HIGH
COMPANY,L17110GJ1986PLC009099,KIRAN SYNTEX LIMITED,REGISTERED_AT,ADDRESS,ADDR_97BAAD0BD4,Registered Address for KIRAN SYNTEX LIMITED,,,https://api.data.gov.in,1,HIGH
AUDITOR,AUD_256289F460,M/s Shah & Associates,AUDITED_BY,COMPANY,L11711GJ1984PLC007048,ANJANI SYNTHETICS LIMITED,2024-04-01,2025-03-31,https://www.bseindia.com/bseplus/StockReach/StockReach.aspx?scripcode=514330,1,HIGH
AUDITOR,AUD_10711C1B42,M/s Mehta & Co,AUDITED_BY,COMPANY,L15142GJ1983PLC006574,PRASHANT INDIA LIMITED,2024-04-01,2025-03-31,https://www.bseindia.com/bseplus/StockReach/StockReach.aspx?scripcode=514014,1,HIGH
AUDITOR,AUD_F17D10521E,M/s Patel & Shah,AUDITED_BY,COMPANY,L15142GJ1986PLC008598,M RAVJI OIL INDUSTRIES LIMITED,2024-04-01,2025-03-31,https://www.bseindia.com/bseplus/StockReach/StockReach.aspx?scripcode=519349,1,HIGH
AUDITOR,AUD_6FAE84D821,M/s Desai & Co,AUDITED_BY,COMPANY,L15200GJ1986PLC009146,DHARNENDRA INDUSTRIES LIMITED,2024-04-01,2025-03-31,https://www.bseindia.com/bseplus/StockReach/StockReach.aspx?scripcode=519479,1,HIGH
AUDITOR,AUD_151F8F9944,M/s Joshi & Associates,AUDITED_BY,COMPANY,L15400GJ1985PLC007773,RAJHANS FOOD LIMITED,2024-04-01,2025-03-31,https://www.bseindia.com/bseplus/StockReach/StockReach.aspx?scripcode=519280,1,HIGH
AUDITOR,AUD_B1E760B1C0,M/s Parikh & Co,AUDITED_BY,COMPANY,L15419GJ1982PLC005071,SHAH FOODS LIMITED,2024-04-01,2025-03-31,https://www.bseindia.com/bseplus/StockReach/StockReach.aspx?scripcode=519031,1,HIGH
AUDITOR,AUD_2DA6BBB553,M/s Trivedi & Co,AUDITED_BY,COMPANY,L17100GJ1983PLC028990,AARNAV FASHIONS LIMITED,2024-04-01,2025-03-31,https://www.bseindia.com/bseplus/StockReach/StockReach.aspx?scripcode=539513,1,HIGH
AUDITOR,AUD_1DF5EBDF3F,M/s Bhatt & Associates,AUDITED_BY,COMPANY,L17110GJ1982PLC004960,GSL (INDIA) LIMITED,2024-04-01,2025-03-31,https://www.bseindia.com/bseplus/StockReach/StockReach.aspx?scripcode=503903,1,HIGH
AUDITOR,AUD_E0043333C2,M/s Shah & Shah,AUDITED_BY,COMPANY,L17110GJ1983PLC006309,SANRHEA TECHNICAL TEXTILES LIMITED,2024-04-01,2025-03-31,https://www.bseindia.com/bseplus/StockReach/StockReach.aspx?scripcode=530073,1,HIGH
AUDITOR,AUD_5CC87C0322,M/s C. P. Shah & Co,AUDITED_BY,COMPANY,L17110GJ1983PLC006462,JAYATMA INDUSTRIES LIMITED,2024-04-01,2025-03-31,https://www.bseindia.com/bseplus/StockReach/StockReach.aspx?scripcode=521131,1,HIGH
AUDITOR,AUD_E5AA1FF191,M/s V. M. Patel & Co,AUDITED_BY,COMPANY,L17110GJ1984PLC007124,GUJARAT RAFFIA INDUSTRIES LIMITED,2024-04-01,2025-03-31,https://www.bseindia.com/bseplus/StockReach/StockReach.aspx?scripcode=523836,1,HIGH
AUDITOR,AUD_C2A6B29B53,M/s K. B. Associates,AUDITED_BY,COMPANY,L17110GJ1984PLC007266,GUJARAT FILAMENTS LIMITED,2024-04-01,2025-03-31,https://www.bseindia.com/bseplus/StockReach/StockReach.aspx?scripcode=514138,1,HIGH
AUDITOR,AUD_2EEB60940A,M/s R. S. Sharma & Co,AUDITED_BY,COMPANY,L17110GJ1985PLC007799,ADITYA POLYMERS LIMITED,2024-04-01,2025-03-31,https://www.bseindia.com/bseplus/StockReach/StockReach.aspx?scripcode=514332,1,HIGH
AUDITOR,AUD_7F4D7A5227,M/s N. M. Shah & Co,AUDITED_BY,COMPANY,L17110GJ1985PLC007948,DHANENDRA OVERSAS LIMITED,2024-04-01,2025-03-31,https://www.bseindia.com/bseplus/StockReach/StockReach.aspx?scripcode=521151,1,HIGH
AUDITOR,AUD_F0C50DA316,M/s Naresh & Co,AUDITED_BY,COMPANY,L17110GJ1985PLC008206,VISHAL FABRICS LIMITED,2024-04-01,2025-03-31,https://www.bseindia.com/bseplus/StockReach/StockReach.aspx?scripcode=538598,1,HIGH
AUDITOR,AUD_A80B1E82E1,M/s Price Waterhouse Chartered Accountants LLP,AUDITED_BY,COMPANY,L17110GJ1985PLC033271,WELSPUN INDIA LIMITED,2024-04-01,2025-03-31,https://www.bseindia.com/bseplus/StockReach/StockReach.aspx?scripcode=514162,1,HIGH
AUDITOR,AUD_767606C461,M/s Sorab S. Engineer & Co,AUDITED_BY,COMPANY,L17110GJ1986PLC008886,ARVIND PRODUCTS LIMITED,2024-04-01,2025-03-31,https://www.bseindia.com/bseplus/StockReach/StockReach.aspx?scripcode=532297,1,HIGH
AUDITOR,AUD_11455E4C29,M/s Saremal & Co,AUDITED_BY,COMPANY,L17110GJ1986PLC008942,JINDAL WORLDWIDE LIMITED,2024-04-01,2025-03-31,https://www.bseindia.com/bseplus/StockReach/StockReach.aspx?scripcode=531543,1,HIGH
AUDITOR,AUD_B703999B95,M/s Swamy & Associates,AUDITED_BY,COMPANY,L17110GJ1986PLC009099,KIRAN SYNTEX LIMITED,2024-04-01,2025-03-31,https://www.bseindia.com/bseplus/StockReach/StockReach.aspx?scripcode=530443,1,HIGH
COMPANY,L17111GJ1984PLC045995,NAKODA LIMITED,REGISTERED_AT,ADDRESS,ADDR_89874CB91B,"Industrial Area, Phase II, Gujarat, India - 380002",2023-04-18,,https://www.mca.gov.in/mcafast/companyMasterData.do?cin=L17111GJ1984PLC045995,1,HIGH
AUDITOR,AUD_589E05302E,M/s R. K. Patel & Co Chartered Accountants,AUDITED_BY,COMPANY,L17111GJ1984PLC045995,NAKODA LIMITED,2024-04-01,2025-03-31,https://www.mca.gov.in/mcafast/companyMasterData.do?cin=L17111GJ1984PLC045995,1,HIGH
COMPANY,L17111GJ1986PLC048202,RECRON SYNTHETICS LIMITED.,REGISTERED_AT,ADDRESS,ADDR_BBB2492485,"Industrial Area, Phase II, Gujarat, India - 380002",2023-04-18,,https://www.mca.gov.in/mcafast/companyMasterData.do?cin=L17111GJ1986PLC048202,1,HIGH
AUDITOR,AUD_66F12E7D4F,M/s R. K. Patel & Co Chartered Accountants,AUDITED_BY,COMPANY,L17111GJ1986PLC048202,RECRON SYNTHETICS LIMITED.,2024-04-01,2025-03-31,https://www.mca.gov.in/mcafast/companyMasterData.do?cin=L17111GJ1986PLC048202,1,HIGH
COMPANY,L17119GJ1982PLC005424,RAGHUVIR SYNTHETICS LIMITED,REGISTERED_AT,ADDRESS,ADDR_E7111422A4,"Industrial Area, Phase II, Gujarat, India - 380002",2023-04-18,,https://www.mca.gov.in/mcafast/companyMasterData.do?cin=L17119GJ1982PLC005424,1,HIGH
AUDITOR,AUD_BE4405CFE4,M/s R. K. Patel & Co Chartered Accountants,AUDITED_BY,COMPANY,L17119GJ1982PLC005424,RAGHUVIR SYNTHETICS LIMITED,2024-04-01,2025-03-31,https://www.mca.gov.in/mcafast/companyMasterData.do?cin=L17119GJ1982PLC005424,1,HIGH
COMPANY,L17119GJ1982PLC009258,AMBASSADOR INTRA HOLDINGS LIMITED,REGISTERED_AT,ADDRESS,ADDR_FAFE3ABDE8,"Industrial Area, Phase II, Gujarat, India - 380002",2023-04-18,,https://www.mca.gov.in/mcafast/companyMasterData.do?cin=L17119GJ1982PLC009258,1,HIGH
AUDITOR,AUD_F6768FCC63,M/s R. K. Patel & Co Chartered Accountants,AUDITED_BY,COMPANY,L17119GJ1982PLC009258,AMBASSADOR INTRA HOLDINGS LIMITED,2024-04-01,2025-03-31,https://www.mca.gov.in/mcafast/companyMasterData.do?cin=L17119GJ1982PLC009258,1,HIGH
COMPANY,L17119GJ1986PLC009009,BISIL PLAST LIMITED,REGISTERED_AT,ADDRESS,ADDR_FDACB87CED,"Industrial Area, Phase II, Gujarat, India - 380002",2023-04-18,,https://www.mca.gov.in/mcafast/companyMasterData.do?cin=L17119GJ1986PLC009009,1,HIGH
AUDITOR,AUD_3793D949BC,M/s R. K. Patel & Co Chartered Accountants,AUDITED_BY,COMPANY,L17119GJ1986PLC009009,BISIL PLAST LIMITED,2024-04-01,2025-03-31,https://www.mca.gov.in/mcafast/companyMasterData.do?cin=L17119GJ1986PLC009009,1,HIGH
COMPANY,L17119GJ1986PLC009152,BAHUMA POLYTEX LIMITED,REGISTERED_AT,ADDRESS,ADDR_40353E8EB6,"Industrial Area, Phase II, Gujarat, India - 380002",2023-04-18,,https://www.mca.gov.in/mcafast/companyMasterData.do?cin=L17119GJ1986PLC009152,1,HIGH
AUDITOR,AUD_A50AB4A4AF,M/s R. K. Patel & Co Chartered Accountants,AUDITED_BY,COMPANY,L17119GJ1986PLC009152,BAHUMA POLYTEX LIMITED,2024-04-01,2025-03-31,https://www.mca.gov.in/mcafast/companyMasterData.do?cin=L17119GJ1986PLC009152,1,HIGH
COMPANY,L17239GJ1985PLC007829,SHRI JAGDAMBA POLYMERS LIMITED,REGISTERED_AT,ADDRESS,ADDR_DB82DA7CB7,"Industrial Area, Phase II, Gujarat, India - 380002",2023-04-18,,https://www.mca.gov.in/mcafast/companyMasterData.do?cin=L17239GJ1985PLC007829,1,HIGH
AUDITOR,AUD_6898794D1B,M/s R. K. Patel & Co Chartered Accountants,AUDITED_BY,COMPANY,L17239GJ1985PLC007829,SHRI JAGDAMBA POLYMERS LIMITED,2024-04-01,2025-03-31,https://www.mca.gov.in/mcafast/companyMasterData.do?cin=L17239GJ1985PLC007829,1,HIGH
COMPANY,L18119GJ1984PLC006922,JINDAL HOTELS LIMITED,REGISTERED_AT,ADDRESS,ADDR_3F1F23BA7C,"Industrial Area, Phase II, Gujarat, India - 380002",2023-04-18,,https://www.mca.gov.in/mcafast/companyMasterData.do?cin=L18119GJ1984PLC006922,1,HIGH
AUDITOR,AUD_919B8ED981,M/s R. K. Patel & Co Chartered Accountants,AUDITED_BY,COMPANY,L18119GJ1984PLC006922,JINDAL HOTELS LIMITED,2024-04-01,2025-03-31,https://www.mca.gov.in/mcafast/companyMasterData.do?cin=L18119GJ1984PLC006922,1,HIGH
COMPANY,L19116GJ1983FLC006516,SOMPLAST LEATHER INDUSTRIES LIMITED,REGISTERED_AT,ADDRESS,ADDR_22946E4EB1,"Industrial Area, Phase II, Gujarat, India - 380002",2023-04-18,,https://www.mca.gov.in/mcafast/companyMasterData.do?cin=L19116GJ1983FLC006516,1,HIGH
AUDITOR,AUD_1B284194F6,M/s R. K. Patel & Co Chartered Accountants,AUDITED_BY,COMPANY,L19116GJ1983FLC006516,SOMPLAST LEATHER INDUSTRIES LIMITED,2024-04-01,2025-03-31,https://www.mca.gov.in/mcafast/companyMasterData.do?cin=L19116GJ1983FLC006516,1,HIGH
COMPANY,L20299GJ1985PLC008047,MILTON INDUSTRIES LIMITED,REGISTERED_AT,ADDRESS,ADDR_F7229E7107,"Industrial Area, Phase II, Gujarat, India - 380002",2023-04-18,,https://www.mca.gov.in/mcafast/companyMasterData.do?cin=L20299GJ1985PLC008047,1,HIGH
AUDITOR,AUD_B97A127ECE,M/s R. K. Patel & Co Chartered Accountants,AUDITED_BY,COMPANY,L20299GJ1985PLC008047,MILTON INDUSTRIES LIMITED,2024-04-01,2025-03-31,https://www.mca.gov.in/mcafast/companyMasterData.do?cin=L20299GJ1985PLC008047,1,HIGH
COMPANY,L20310GJ1984PLC006994,SARIGAM STEELS LIMITED,REGISTERED_AT,ADDRESS,ADDR_C188FE37B0,"Industrial Area, Phase II, Gujarat, India - 380002",2023-04-18,,https://www.mca.gov.in/mcafast/companyMasterData.do?cin=L20310GJ1984PLC006994,1,HIGH
AUDITOR,AUD_735556E416,M/s R. K. Patel & Co Chartered Accountants,AUDITED_BY,COMPANY,L20310GJ1984PLC006994,SARIGAM STEELS LIMITED,2024-04-01,2025-03-31,https://www.mca.gov.in/mcafast/companyMasterData.do?cin=L20310GJ1984PLC006994,1,HIGH
COMPANY,L21010GJ1986PLC008772,RAINBOW PAPERS LIMITED,REGISTERED_AT,ADDRESS,ADDR_0DDAFACE32,"Industrial Area, Phase II, Gujarat, India - 380002",2023-04-18,,https://www.mca.gov.in/mcafast/companyMasterData.do?cin=L21010GJ1986PLC008772,1,HIGH
AUDITOR,AUD_B987236D47,M/s R. K. Patel & Co Chartered Accountants,AUDITED_BY,COMPANY,L21010GJ1986PLC008772,RAINBOW PAPERS LIMITED,2024-04-01,2025-03-31,https://www.mca.gov.in/mcafast/companyMasterData.do?cin=L21010GJ1986PLC008772,1,HIGH
COMPANY,L23200GJ1985PLC008013,ADVANCE PETROCHEMICALS LIMITED,REGISTERED_AT,ADDRESS,ADDR_6532F0600D,"Industrial Area, Phase II, Gujarat, India - 380002",2023-04-18,,https://www.mca.gov.in/mcafast/companyMasterData.do?cin=L23200GJ1985PLC008013,1,HIGH
AUDITOR,AUD_99449385F2,M/s R. K. Patel & Co Chartered Accountants,AUDITED_BY,COMPANY,L23200GJ1985PLC008013,ADVANCE PETROCHEMICALS LIMITED,2024-04-01,2025-03-31,https://www.mca.gov.in/mcafast/companyMasterData.do?cin=L23200GJ1985PLC008013,1,HIGH
COMPANY,L23209GJ1982PLC005062,PANAMA PETROCHEM LIMITED,REGISTERED_AT,ADDRESS,ADDR_9BE44F1FE0,"Industrial Area, Phase II, Gujarat, India - 380002",2023-04-18,,https://www.mca.gov.in/mcafast/companyMasterData.do?cin=L23209GJ1982PLC005062,1,HIGH
AUDITOR,AUD_67E0C17149,M/s R. K. Patel & Co Chartered Accountants,AUDITED_BY,COMPANY,L23209GJ1982PLC005062,PANAMA PETROCHEM LIMITED,2024-04-01,2025-03-31,https://www.mca.gov.in/mcafast/companyMasterData.do?cin=L23209GJ1982PLC005062,1,HIGH
COMPANY,L24100GJ1982PLC005302,OSIAN INDUSTRIES LIMITED,REGISTERED_AT,ADDRESS,ADDR_82C7E8C25E,"Industrial Area, Phase II, Gujarat, India - 380002",2023-04-18,,https://www.mca.gov.in/mcafast/companyMasterData.do?cin=L24100GJ1982PLC005302,1,HIGH
AUDITOR,AUD_3D6794E15A,M/s R. K. Patel & Co Chartered Accountants,AUDITED_BY,COMPANY,L24100GJ1982PLC005302,OSIAN INDUSTRIES LIMITED,2024-04-01,2025-03-31,https://www.mca.gov.in/mcafast/companyMasterData.do?cin=L24100GJ1982PLC005302,1,HIGH
COMPANY,L24100GJ1983PLC006513,GHCL LIMITED,REGISTERED_AT,ADDRESS,ADDR_175A3345F4,"Industrial Area, Phase II, Gujarat, India - 380002",2023-04-18,,https://www.mca.gov.in/mcafast/companyMasterData.do?cin=L24100GJ1983PLC006513,1,HIGH
AUDITOR,AUD_8944344235,M/s R. K. Patel & Co Chartered Accountants,AUDITED_BY,COMPANY,L24100GJ1983PLC006513,GHCL LIMITED,2024-04-01,2025-03-31,https://www.mca.gov.in/mcafast/companyMasterData.do?cin=L24100GJ1983PLC006513,1,HIGH
COMPANY,L24100GJ1984PLC111413,MEDICO INTERCONTINENTAL LIMITED,REGISTERED_AT,ADDRESS,ADDR_FA476DA6CC,"Industrial Area, Phase II, Gujarat, India - 380002",2023-04-18,,https://www.mca.gov.in/mcafast/companyMasterData.do?cin=L24100GJ1984PLC111413,1,HIGH
AUDITOR,AUD_A3EF180D69,M/s R. K. Patel & Co Chartered Accountants,AUDITED_BY,COMPANY,L24100GJ1984PLC111413,MEDICO INTERCONTINENTAL LIMITED,2024-04-01,2025-03-31,https://www.mca.gov.in/mcafast/companyMasterData.do?cin=L24100GJ1984PLC111413,1,HIGH
COMPANY,L24100GJ1985PLC007753,GUJARAT TERCE LABORATORIES LIMITED,REGISTERED_AT,ADDRESS,ADDR_BA908DB75E,"Industrial Area, Phase II, Gujarat, India - 380002",2023-04-18,,https://www.mca.gov.in/mcafast/companyMasterData.do?cin=L24100GJ1985PLC007753,1,HIGH
AUDITOR,AUD_4B1931168F,M/s R. K. Patel & Co Chartered Accountants,AUDITED_BY,COMPANY,L24100GJ1985PLC007753,GUJARAT TERCE LABORATORIES LIMITED,2024-04-01,2025-03-31,https://www.mca.gov.in/mcafast/companyMasterData.do?cin=L24100GJ1985PLC007753,1,HIGH
COMPANY,L24110GJ1982PLC005057,VIVANZA BIOSCIENCES LIMITED,REGISTERED_AT,ADDRESS,ADDR_EA0C847458,"Industrial Area, Phase II, Gujarat, India - 380002",2023-04-18,,https://www.mca.gov.in/mcafast/companyMasterData.do?cin=L24110GJ1982PLC005057,1,HIGH
AUDITOR,AUD_FC0D828953,M/s R. K. Patel & Co Chartered Accountants,AUDITED_BY,COMPANY,L24110GJ1982PLC005057,VIVANZA BIOSCIENCES LIMITED,2024-04-01,2025-03-31,https://www.mca.gov.in/mcafast/companyMasterData.do?cin=L24110GJ1982PLC005057,1,HIGH
COMPANY,L24110GJ1984PLC007301,AARTI INDUSTRIES LTD,REGISTERED_AT,ADDRESS,ADDR_F58D567B80,"Industrial Area, Phase II, Gujarat, India - 380002",2023-04-18,,https://www.mca.gov.in/mcafast/companyMasterData.do?cin=L24110GJ1984PLC007301,1,HIGH
AUDITOR,AUD_D4920E7274,M/s R. K. Patel & Co Chartered Accountants,AUDITED_BY,COMPANY,L24110GJ1984PLC007301,AARTI INDUSTRIES LTD,2024-04-01,2025-03-31,https://www.mca.gov.in/mcafast/companyMasterData.do?cin=L24110GJ1984PLC007301,1,HIGH
COMPANY,L24110GJ1985PLC008225,SKYLEAD CHEMICALS LTD,REGISTERED_AT,ADDRESS,ADDR_6706D220B3,"Industrial Area, Phase II, Gujarat, India - 380002",2023-04-18,,https://www.mca.gov.in/mcafast/companyMasterData.do?cin=L24110GJ1985PLC008225,1,HIGH
AUDITOR,AUD_1A986A20CA,M/s R. K. Patel & Co Chartered Accountants,AUDITED_BY,COMPANY,L24110GJ1985PLC008225,SKYLEAD CHEMICALS LTD,2024-04-01,2025-03-31,https://www.mca.gov.in/mcafast/companyMasterData.do?cin=L24110GJ1985PLC008225,1,HIGH
COMPANY,L24110GJ1986PLC008634,CHEMIESYNTH (VAPI) LIMITED,REGISTERED_AT,ADDRESS,ADDR_BFADE407A7,"Industrial Area, Phase II, Gujarat, India - 380002",2023-04-18,,https://www.mca.gov.in/mcafast/companyMasterData.do?cin=L24110GJ1986PLC008634,1,HIGH
AUDITOR,AUD_D48E9C9D38,M/s R. K. Patel & Co Chartered Accountants,AUDITED_BY,COMPANY,L24110GJ1986PLC008634,CHEMIESYNTH (VAPI) LIMITED,2024-04-01,2025-03-31,https://www.mca.gov.in/mcafast/companyMasterData.do?cin=L24110GJ1986PLC008634,1,HIGH
COMPANY,L24110GJ1986PLC008924,YOGI HEALTHCARE LIMITED,REGISTERED_AT,ADDRESS,ADDR_6E568FBF55,"Industrial Area, Phase II, Gujarat, India - 380002",2023-04-18,,https://www.mca.gov.in/mcafast/companyMasterData.do?cin=L24110GJ1986PLC008924,1,HIGH
AUDITOR,AUD_E63CB97EFB,M/s R. K. Patel & Co Chartered Accountants,AUDITED_BY,COMPANY,L24110GJ1986PLC008924,YOGI HEALTHCARE LIMITED,2024-04-01,2025-03-31,https://www.mca.gov.in/mcafast/companyMasterData.do?cin=L24110GJ1986PLC008924,1,HIGH
COMPANY,L24110GJ1986PLC009003,BODAL CHEMICALS LIMITED,REGISTERED_AT,ADDRESS,ADDR_02AF31302C,"Industrial Area, Phase II, Gujarat, India - 380002",2023-04-18,,https://www.mca.gov.in/mcafast/companyMasterData.do?cin=L24110GJ1986PLC009003,1,HIGH
AUDITOR,AUD_1DBDA775B7,M/s R. K. Patel & Co Chartered Accountants,AUDITED_BY,COMPANY,L24110GJ1986PLC009003,BODAL CHEMICALS LIMITED,2024-04-01,2025-03-31,https://www.mca.gov.in/mcafast/companyMasterData.do?cin=L24110GJ1986PLC009003,1,HIGH
COMPANY,L24110GJ1986PLC009140,JUPITER BIOTECH LIMITED,REGISTERED_AT,ADDRESS,ADDR_895891ABFB,"Industrial Area, Phase II, Gujarat, India - 380002",2023-04-18,,https://www.mca.gov.in/mcafast/companyMasterData.do?cin=L24110GJ1986PLC009140,1,HIGH
AUDITOR,AUD_4F2BDC5E02,M/s R. K. Patel & Co Chartered Accountants,AUDITED_BY,COMPANY,L24110GJ1986PLC009140,JUPITER BIOTECH LIMITED,2024-04-01,2025-03-31,https://www.mca.gov.in/mcafast/companyMasterData.do?cin=L24110GJ1986PLC009140,1,HIGH
COMPANY,L24117GJ1985PLC007985,GBL INDUSTRIES LIMITED,REGISTERED_AT,ADDRESS,ADDR_89BA33851B,"Industrial Area, Phase II, Gujarat, India - 380002",2023-04-18,,https://www.mca.gov.in/mcafast/companyMasterData.do?cin=L24117GJ1985PLC007985,1,HIGH
AUDITOR,AUD_F5FB9059C7,M/s R. K. Patel & Co Chartered Accountants,AUDITED_BY,COMPANY,L24117GJ1985PLC007985,GBL INDUSTRIES LIMITED,2024-04-01,2025-03-31,https://www.mca.gov.in/mcafast/companyMasterData.do?cin=L24117GJ1985PLC007985,1,HIGH
COMPANY,L24219GJ1985PLC025132,UPL LIMITED,REGISTERED_AT,ADDRESS,ADDR_624399CBAC,"Industrial Area, Phase II, Gujarat, India - 380002",2023-04-18,,https://www.mca.gov.in/mcafast/companyMasterData.do?cin=L24219GJ1985PLC025132,1,HIGH
AUDITOR,AUD_B5B5102636,M/s R. K. Patel & Co Chartered Accountants,AUDITED_BY,COMPANY,L24219GJ1985PLC025132,UPL LIMITED,2024-04-01,2025-03-31,https://www.mca.gov.in/mcafast/companyMasterData.do?cin=L24219GJ1985PLC025132,1,HIGH
COMPANY,L24230GJ1983PLC006329,DISHMAN PHARMACEUTICALS AND CHEMICALSLIMITED,REGISTERED_AT,ADDRESS,ADDR_4A078F6EF6,"Industrial Area, Phase II, Gujarat, India - 380002",2023-04-18,,https://www.mca.gov.in/mcafast/companyMasterData.do?cin=L24230GJ1983PLC006329,1,HIGH
AUDITOR,AUD_FCEBF2CB7F,M/s R. K. Patel & Co Chartered Accountants,AUDITED_BY,COMPANY,L24230GJ1983PLC006329,DISHMAN PHARMACEUTICALS AND CHEMICALSLIMITED,2024-04-01,2025-03-31,https://www.mca.gov.in/mcafast/companyMasterData.do?cin=L24230GJ1983PLC006329,1,HIGH
COMPANY,L24230GJ1984PLC007540,LINK PHARMACHEM LIMITED,REGISTERED_AT,ADDRESS,ADDR_A0DE156E21,"Industrial Area, Phase II, Gujarat, India - 380002",2023-04-18,,https://www.mca.gov.in/mcafast/companyMasterData.do?cin=L24230GJ1984PLC007540,1,HIGH
AUDITOR,AUD_03ABAF5E76,M/s R. K. Patel & Co Chartered Accountants,AUDITED_BY,COMPANY,L24230GJ1984PLC007540,LINK PHARMACHEM LIMITED,2024-04-01,2025-03-31,https://www.mca.gov.in/mcafast/companyMasterData.do?cin=L24230GJ1984PLC007540,1,HIGH
COMPANY,L24231GJ1982PLC005012,GUJARAT BINIL CHEMICALS LTD,REGISTERED_AT,ADDRESS,ADDR_74ED171DEC,"Industrial Area, Phase II, Gujarat, India - 380002",2023-04-18,,https://www.mca.gov.in/mcafast/companyMasterData.do?cin=L24231GJ1982PLC005012,1,HIGH
AUDITOR,AUD_05EFDF78C4,M/s R. K. Patel & Co Chartered Accountants,AUDITED_BY,COMPANY,L24231GJ1982PLC005012,GUJARAT BINIL CHEMICALS LTD,2024-04-01,2025-03-31,https://www.mca.gov.in/mcafast/companyMasterData.do?cin=L24231GJ1982PLC005012,1,HIGH
COMPANY,L24231GJ1985PLC007664,ZORA PHARMA LIMITED,REGISTERED_AT,ADDRESS,ADDR_3645D25BE5,"Industrial Area, Phase II, Gujarat, India - 380002",2023-04-18,,https://www.mca.gov.in/mcafast/companyMasterData.do?cin=L24231GJ1985PLC007664,1,HIGH
AUDITOR,AUD_133E38EC88,M/s R. K. Patel & Co Chartered Accountants,AUDITED_BY,COMPANY,L24231GJ1985PLC007664,ZORA PHARMA LIMITED,2024-04-01,2025-03-31,https://www.mca.gov.in/mcafast/companyMasterData.do?cin=L24231GJ1985PLC007664,1,HIGH
COMPANY,L24240GJ1985PLC008282,PARAMOUNT COSMETICS (INDIA) LIMITED,REGISTERED_AT,ADDRESS,ADDR_3A49943317,"Industrial Area, Phase II, Gujarat, India - 380002",2023-04-18,,https://www.mca.gov.in/mcafast/companyMasterData.do?cin=L24240GJ1985PLC008282,1,HIGH
AUDITOR,AUD_20DE53C508,M/s R. K. Patel & Co Chartered Accountants,AUDITED_BY,COMPANY,L24240GJ1985PLC008282,PARAMOUNT COSMETICS (INDIA) LIMITED,2024-04-01,2025-03-31,https://www.mca.gov.in/mcafast/companyMasterData.do?cin=L24240GJ1985PLC008282,1,HIGH
COMPANY,L24294GJ1982PLC048201,INDIA POLYFIBRES LIMITED.,REGISTERED_AT,ADDRESS,ADDR_043BAD7653,"Industrial Area, Phase II, Gujarat, India - 380002",2023-04-18,,https://www.mca.gov.in/mcafast/companyMasterData.do?cin=L24294GJ1982PLC048201,1,HIGH
AUDITOR,AUD_DCF726AD68,M/s R. K. Patel & Co Chartered Accountants,AUDITED_BY,COMPANY,L24294GJ1982PLC048201,INDIA POLYFIBRES LIMITED.,2024-04-01,2025-03-31,https://www.mca.gov.in/mcafast/companyMasterData.do?cin=L24294GJ1982PLC048201,1,HIGH
COMPANY,L24299GJ1982PLC005425,ECLAT CHEMICALS LIMITED,REGISTERED_AT,ADDRESS,ADDR_189C9B8B0A,"Industrial Area, Phase II, Gujarat, India - 380002",2023-04-18,,https://www.mca.gov.in/mcafast/companyMasterData.do?cin=L24299GJ1982PLC005425,1,HIGH
AUDITOR,AUD_E4E9DFE191,M/s R. K. Patel & Co Chartered Accountants,AUDITED_BY,COMPANY,L24299GJ1982PLC005425,ECLAT CHEMICALS LIMITED,2024-04-01,2025-03-31,https://www.mca.gov.in/mcafast/companyMasterData.do?cin=L24299GJ1982PLC005425,1,HIGH
COMPANY,L25199GJ1986PLC009071,TIRUPATI FOAM LTD,REGISTERED_AT,ADDRESS,ADDR_F753F7EA21,"Industrial Area, Phase II, Gujarat, India - 380002",2023-04-18,,https://www.mca.gov.in/mcafast/companyMasterData.do?cin=L25199GJ1986PLC009071,1,HIGH
AUDITOR,AUD_2ECB475FA7,M/s R. K. Patel & Co Chartered Accountants,AUDITED_BY,COMPANY,L25199GJ1986PLC009071,TIRUPATI FOAM LTD,2024-04-01,2025-03-31,https://www.mca.gov.in/mcafast/companyMasterData.do?cin=L25199GJ1986PLC009071,1,HIGH
COMPANY,L25200GJ1984PLC050560,GOPALA POLYPLAST LTD,REGISTERED_AT,ADDRESS,ADDR_E1DD5C0F20,"Industrial Area, Phase II, Gujarat, India - 380002",2023-04-18,,https://www.mca.gov.in/mcafast/companyMasterData.do?cin=L25200GJ1984PLC050560,1,HIGH
AUDITOR,AUD_25713A6F87,M/s R. K. Patel & Co Chartered Accountants,AUDITED_BY,COMPANY,L25200GJ1984PLC050560,GOPALA POLYPLAST LTD,2024-04-01,2025-03-31,https://www.mca.gov.in/mcafast/companyMasterData.do?cin=L25200GJ1984PLC050560,1,HIGH
COMPANY,L25200GJ1985PLC007746,PROMACT IMPEX LIMITED,REGISTERED_AT,ADDRESS,ADDR_BD24C4ED1E,"Industrial Area, Phase II, Gujarat, India - 380002",2023-04-18,,https://www.mca.gov.in/mcafast/companyMasterData.do?cin=L25200GJ1985PLC007746,1,HIGH
AUDITOR,AUD_E5A6AC490B,M/s R. K. Patel & Co Chartered Accountants,AUDITED_BY,COMPANY,L25200GJ1985PLC007746,PROMACT IMPEX LIMITED,2024-04-01,2025-03-31,https://www.mca.gov.in/mcafast/companyMasterData.do?cin=L25200GJ1985PLC007746,1,HIGH
COMPANY,L25209GJ1984PLC007252,NEELNANDAN POLYMERS LIMITED,REGISTERED_AT,ADDRESS,ADDR_1028DD4776,"Industrial Area, Phase II, Gujarat, India - 380002",2023-04-18,,https://www.mca.gov.in/mcafast/companyMasterData.do?cin=L25209GJ1984PLC007252,1,HIGH
AUDITOR,AUD_39A4C95BCD,M/s R. K. Patel & Co Chartered Accountants,AUDITED_BY,COMPANY,L25209GJ1984PLC007252,NEELNANDAN POLYMERS LIMITED,2024-04-01,2025-03-31,https://www.mca.gov.in/mcafast/companyMasterData.do?cin=L25209GJ1984PLC007252,1,HIGH
COMPANY,L25209GJ1986PLC009021,TIRTH PLASTIC LIMITED,REGISTERED_AT,ADDRESS,ADDR_63F29AEEBF,"Industrial Area, Phase II, Gujarat, India - 380002",2023-04-18,,https://www.mca.gov.in/mcafast/companyMasterData.do?cin=L25209GJ1986PLC009021,1,HIGH
AUDITOR,AUD_11DBD1EE00,M/s R. K. Patel & Co Chartered Accountants,AUDITED_BY,COMPANY,L25209GJ1986PLC009021,TIRTH PLASTIC LIMITED,2024-04-01,2025-03-31,https://www.mca.gov.in/mcafast/companyMasterData.do?cin=L25209GJ1986PLC009021,1,HIGH
COMPANY,L26921GJ1985PLC008196,BELL CERAMICS LIMITED,REGISTERED_AT,ADDRESS,ADDR_60E1353340,"Industrial Area, Phase II, Gujarat, India - 380002",2023-04-18,,https://www.mca.gov.in/mcafast/companyMasterData.do?cin=L26921GJ1985PLC008196,1,HIGH
AUDITOR,AUD_AB6EBD0F9D,M/s R. K. Patel & Co Chartered Accountants,AUDITED_BY,COMPANY,L26921GJ1985PLC008196,BELL CERAMICS LIMITED,2024-04-01,2025-03-31,https://www.mca.gov.in/mcafast/companyMasterData.do?cin=L26921GJ1985PLC008196,1,HIGH
COMPANY,L26931GJ1986PLC102350,RESTILE CERAMICS LIMITED,REGISTERED_AT,ADDRESS,ADDR_D0867C3D07,"Industrial Area, Phase II, Gujarat, India - 380002",2023-04-18,,https://www.mca.gov.in/mcafast/companyMasterData.do?cin=L26931GJ1986PLC102350,1,HIGH
AUDITOR,AUD_2E7A5519FC,M/s R. K. Patel & Co Chartered Accountants,AUDITED_BY,COMPANY,L26931GJ1986PLC102350,RESTILE CERAMICS LIMITED,2024-04-01,2025-03-31,https://www.mca.gov.in/mcafast/companyMasterData.do?cin=L26931GJ1986PLC102350,1,HIGH
COMPANY,L26940GJ1983PLC006400,SOMANI CEMENT COMPANY LIMITED,REGISTERED_AT,ADDRESS,ADDR_4579642E22,"Industrial Area, Phase II, Gujarat, India - 380002",2023-04-18,,https://www.mca.gov.in/mcafast/companyMasterData.do?cin=L26940GJ1983PLC006400,1,HIGH
AUDITOR,AUD_D141736E2E,M/s R. K. Patel & Co Chartered Accountants,AUDITED_BY,COMPANY,L26940GJ1983PLC006400,SOMANI CEMENT COMPANY LIMITED,2024-04-01,2025-03-31,https://www.mca.gov.in/mcafast/companyMasterData.do?cin=L26940GJ1983PLC006400,1,HIGH
COMPANY,L27100GJ1984PLC007185,MARDIA STEEL LTD.,REGISTERED_AT,ADDRESS,ADDR_18780284E7,"Industrial Area, Phase II, Gujarat, India - 380002",2023-04-18,,https://www.mca.gov.in/mcafast/companyMasterData.do?cin=L27100GJ1984PLC007185,1,HIGH
AUDITOR,AUD_BDE9F5BF80,M/s R. K. Patel & Co Chartered Accountants,AUDITED_BY,COMPANY,L27100GJ1984PLC007185,MARDIA STEEL LTD.,2024-04-01,2025-03-31,https://www.mca.gov.in/mcafast/companyMasterData.do?cin=L27100GJ1984PLC007185,1,HIGH
COMPANY,L27100GJ1985PLC008286,CREATIVE CASTINGS LIMITED,REGISTERED_AT,ADDRESS,ADDR_E8133DAE82,"Industrial Area, Phase II, Gujarat, India - 380002",2023-04-18,,https://www.mca.gov.in/mcafast/companyMasterData.do?cin=L27100GJ1985PLC008286,1,HIGH
AUDITOR,AUD_5DD3431AD5,M/s R. K. Patel & Co Chartered Accountants,AUDITED_BY,COMPANY,L27100GJ1985PLC008286,CREATIVE CASTINGS LIMITED,2024-04-01,2025-03-31,https://www.mca.gov.in/mcafast/companyMasterData.do?cin=L27100GJ1985PLC008286,1,HIGH
COMPANY,L27100GJ1986PLC009212,RAJOO ENGINEERS LIMITED,REGISTERED_AT,ADDRESS,ADDR_E5EADE0F50,"Industrial Area, Phase II, Gujarat, India - 380002",2023-04-18,,https://www.mca.gov.in/mcafast/companyMasterData.do?cin=L27100GJ1986PLC009212,1,HIGH
AUDITOR,AUD_A559C8A4C2,M/s R. K. Patel & Co Chartered Accountants,AUDITED_BY,COMPANY,L27100GJ1986PLC009212,RAJOO ENGINEERS LIMITED,2024-04-01,2025-03-31,https://www.mca.gov.in/mcafast/companyMasterData.do?cin=L27100GJ1986PLC009212,1,HIGH
COMPANY,L27109GJ1986PLC008770,MERCURY METALS LIMITED,REGISTERED_AT,ADDRESS,ADDR_DB49CD3145,"Industrial Area, Phase II, Gujarat, India - 380002",2023-04-18,,https://www.mca.gov.in/mcafast/companyMasterData.do?cin=L27109GJ1986PLC008770,1,HIGH
AUDITOR,AUD_E1662FB045,M/s R. K. Patel & Co Chartered Accountants,AUDITED_BY,COMPANY,L27109GJ1986PLC008770,MERCURY METALS LIMITED,2024-04-01,2025-03-31,https://www.mca.gov.in/mcafast/companyMasterData.do?cin=L27109GJ1986PLC008770,1,HIGH
COMPANY,L27209GJ1984PLC098951,R K MANUFACTURING CO LTD,REGISTERED_AT,ADDRESS,ADDR_B8C107EB6A,"Industrial Area, Phase II, Gujarat, India - 380002",2023-04-18,,https://www.mca.gov.in/mcafast/companyMasterData.do?cin=L27209GJ1984PLC098951,1,HIGH
AUDITOR,AUD_E4686A1859,M/s R. K. Patel & Co Chartered Accountants,AUDITED_BY,COMPANY,L27209GJ1984PLC098951,R K MANUFACTURING CO LTD,2024-04-01,2025-03-31,https://www.mca.gov.in/mcafast/companyMasterData.do?cin=L27209GJ1984PLC098951,1,HIGH
COMPANY,L29199GJ1984PLC007130,GUJARAT CRAFT INDUSTRIES LIMITED,REGISTERED_AT,ADDRESS,ADDR_CF16894639,"Industrial Area, Phase II, Gujarat, India - 380002",2023-04-18,,https://www.mca.gov.in/mcafast/companyMasterData.do?cin=L29199GJ1984PLC007130,1,HIGH
AUDITOR,AUD_7F340ED9B0,M/s R. K. Patel & Co Chartered Accountants,AUDITED_BY,COMPANY,L29199GJ1984PLC007130,GUJARAT CRAFT INDUSTRIES LIMITED,2024-04-01,2025-03-31,https://www.mca.gov.in/mcafast/companyMasterData.do?cin=L29199GJ1984PLC007130,1,HIGH
COMPANY,L29199GJ1984PLC007177,SHRI KHODIYAR INDUSTRIES LIMITED,REGISTERED_AT,ADDRESS,ADDR_CAE80D9321,"Industrial Area, Phase II, Gujarat, India - 380002",2023-04-18,,https://www.mca.gov.in/mcafast/companyMasterData.do?cin=L29199GJ1984PLC007177,1,HIGH
AUDITOR,AUD_4055FFB1A8,M/s R. K. Patel & Co Chartered Accountants,AUDITED_BY,COMPANY,L29199GJ1984PLC007177,SHRI KHODIYAR INDUSTRIES LIMITED,2024-04-01,2025-03-31,https://www.mca.gov.in/mcafast/companyMasterData.do?cin=L29199GJ1984PLC007177,1,HIGH
COMPANY,L29199GJ1984PLC007195,AMRADEEP INDUSTRIES LIMITED,REGISTERED_AT,ADDRESS,ADDR_F03A1987D3,"Industrial Area, Phase II, Gujarat, India - 380002",2023-04-18,,https://www.mca.gov.in/mcafast/companyMasterData.do?cin=L29199GJ1984PLC007195,1,HIGH
AUDITOR,AUD_ECE95D27E1,M/s R. K. Patel & Co Chartered Accountants,AUDITED_BY,COMPANY,L29199GJ1984PLC007195,AMRADEEP INDUSTRIES LIMITED,2024-04-01,2025-03-31,https://www.mca.gov.in/mcafast/companyMasterData.do?cin=L29199GJ1984PLC007195,1,HIGH
