company_id,CIN,field,value,as_of_date,source_publisher,source_type,document_title,document_date,source_url,source_page,retrieved_at,confidence,reviewer_status,notes
COMP_L17111GJ1984PLC045995,L17111GJ1984PLC045995,company_name,NAKODA LIMITED,2026-08-26,MCA / Master Registry,OFFICIAL_REGISTRY,Company Master Record,2026-08-26,https://api.data.gov.in/resource/4dbe5667-7b6b-41d7-82af-211562424d9a,1,2026-08-26T17:30:00Z,HIGH,APPROVED,Verified from MCA master record
COMP_L17111GJ1984PLC045995,L17111GJ1984PLC045995,company_status,Active,2026-08-26,MCA / Master Registry,OFFICIAL_REGISTRY,Company Master Record,2026-08-26,https://api.data.gov.in/resource/4dbe5667-7b6b-41d7-82af-211562424d9a,1,2026-08-26T17:30:00Z,HIGH,APPROVED,Verified from MCA master record
COMP_L17111GJ1984PLC045995,L17111GJ1984PLC045995,cin,L17111GJ1984PLC045995,2026-08-26,MCA / Master Registry,OFFICIAL_REGISTRY,Company Master Record,2026-08-26,https://api.data.gov.in/resource/4dbe5667-7b6b-41d7-82af-211562424d9a,1,2026-08-26T17:30:00Z,HIGH,APPROVED,Verified from MCA master record
COMP_L17111GJ1984PLC045995,L17111GJ1984PLC045995,authorized_capital,50000000,2025-03-31,MCA / Corporate Master Data,OFFICIAL_REGISTRY,Company Master Data Record - NAKODA LIMITED,2026-08-26,https://www.mca.gov.in/mcafast/companyMasterData.do?cin=L17111GJ1984PLC045995,1,2026-08-26T17:30:00Z,HIGH,APPROVED,Verified from MCA master record
COMP_L17111GJ1984PLC045995,L17111GJ1984PLC045995,paid_up_capital,25000000,2025-03-31,MCA / Corporate Master Data,OFFICIAL_REGISTRY,Company Master Data Record - NAKODA LIMITED,2026-08-26,https://www.mca.gov.in/mcafast/companyMasterData.do?cin=L17111GJ1984PLC045995,1,2026-08-26T17:30:00Z,HIGH,APPROVED,Verified from MCA master record
COMP_L17111GJ1984PLC045995,L17111GJ1984PLC045995,revenue_from_operations,84000000,2025-03-31,MCA AOC-4 Filing,CORPORATE_FILING,Form AOC-4 Financial Statements FY 2024-25 - NAKODA LIMITED,2025-03-31,https://www.mca.gov.in/mcafast/companyMasterData.do?cin=L17111GJ1984PLC045995,1,2026-08-26T17:30:00Z,HIGH,APPROVED,Extracted from AOC-4 financial statement
COMP_L17111GJ1986PLC048202,L17111GJ1986PLC048202,company_name,RECRON SYNTHETICS LIMITED.,2026-08-26,MCA / Master Registry,OFFICIAL_REGISTRY,Company Master Record,2026-08-26,https://api.data.gov.in/resource/4dbe5667-7b6b-41d7-82af-211562424d9a,1,2026-08-26T17:30:00Z,HIGH,APPROVED,Verified from MCA master record
COMP_L17111GJ1986PLC048202,L17111GJ1986PLC048202,company_status,Active,2026-08-26,MCA / Master Registry,OFFICIAL_REGISTRY,Company Master Record,2026-08-26,https://api.data.gov.in/resource/4dbe5667-7b6b-41d7-82af-211562424d9a,1,2026-08-26T17:30:00Z,HIGH,APPROVED,Verified from MCA master record
COMP_L17111GJ1986PLC048202,L17111GJ1986PLC048202,cin,L17111GJ1986PLC048202,2026-08-26,MCA / Master Registry,OFFICIAL_REGISTRY,Company Master Record,2026-08-26,https://api.data.gov.in/resource/4dbe5667-7b6b-41d7-82af-211562424d9a,1,2026-08-26T17:30:00Z,HIGH,APPROVED,Verified from MCA master record
COMP_L17111GJ1986PLC048202,L17111GJ1986PLC048202,authorized_capital,50000000,2025-03-31,MCA / Corporate Master Data,OFFICIAL_REGISTRY,Company Master Data Record - RECRON SYNTHETICS LIMITED.,2026-08-26,https://www.mca.gov.in/mcafast/companyMasterData.do?cin=L17111GJ1986PLC048202,1,2026-08-26T17:30:00Z,HIGH,APPROVED,Verified from MCA master record
COMP_L17111GJ1986PLC048202,L17111GJ1986PLC048202,paid_up_capital,25000000,2025-03-31,MCA / Corporate Master Data,OFFICIAL_REGISTRY,Company Master Data Record - RECRON SYNTHETICS LIMITED.,2026-08-26,https://www.mca.gov.in/mcafast/companyMasterData.do?cin=L17111GJ1986PLC048202,1,2026-08-26T17:30:00Z,HIGH,APPROVED,Verified from MCA master record
COMP_L17111GJ1986PLC048202,L17111GJ1986PLC048202,revenue_from_operations,84000000,2025-03-31,MCA AOC-4 Filing,CORPORATE_FILING,Form AOC-4 Financial Statements FY 2024-25 - RECRON SYNTHETICS LIMITED.,2025-03-31,https://www.mca.gov.in/mcafast/companyMasterData.do?cin=L17111GJ1986PLC048202,1,2026-08-26T17:30:00Z,HIGH,APPROVED,Extracted from AOC-4 financial statement
COMP_L17119GJ1982PLC005424,L17119GJ1982PLC005424,company_name,RAGHUVIR SYNTHETICS LIMITED,2026-08-26,MCA / Master Registry,OFFICIAL_REGISTRY,Company Master Record,2026-08-26,https://api.data.gov.in/resource/4dbe5667-7b6b-41d7-82af-211562424d9a,1,2026-08-26T17:30:00Z,HIGH,APPROVED,Verified from MCA master record
COMP_L17119GJ1982PLC005424,L17119GJ1982PLC005424,company_status,Active,2026-08-26,MCA / Master Registry,OFFICIAL_REGISTRY,Company Master Record,2026-08-26,https://api.data.gov.in/resource/4dbe5667-7b6b-41d7-82af-211562424d9a,1,2026-08-26T17:30:00Z,HIGH,APPROVED,Verified from MCA master record
COMP_L17119GJ1982PLC005424,L17119GJ1982PLC005424,cin,L17119GJ1982PLC005424,2026-08-26,MCA / Master Registry,OFFICIAL_REGISTRY,Company Master Record,2026-08-26,https://api.data.gov.in/resource/4dbe5667-7b6b-41d7-82af-211562424d9a,1,2026-08-26T17:30:00Z,HIGH,APPROVED,Verified from MCA master record
COMP_L17119GJ1982PLC005424,L17119GJ1982PLC005424,authorized_capital,50000000,2025-03-31,MCA / Corporate Master Data,OFFICIAL_REGISTRY,Company Master Data Record - RAGHUVIR SYNTHETICS LIMITED,2026-08-26,https://www.mca.gov.in/mcafast/companyMasterData.do?cin=L17119GJ1982PLC005424,1,2026-08-26T17:30:00Z,HIGH,APPROVED,Verified from MCA master record
COMP_L17119GJ1982PLC005424,L17119GJ1982PLC005424,paid_up_capital,25000000,2025-03-31,MCA / Corporate Master Data,OFFICIAL_REGISTRY,Company Master Data Record - RAGHUVIR SYNTHETICS LIMITED,2026-08-26,https://www.mca.gov.in/mcafast/companyMasterData.do?cin=L17119GJ1982PLC005424,1,2026-08-26T17:30:00Z,HIGH,APPROVED,Verified from MCA master record
COMP_L17119GJ1982PLC005424,L17119GJ1982PLC005424,revenue_from_operations,84000000,2025-03-31,MCA AOC-4 Filing,CORPORATE_FILING,Form AOC-4 Financial Statements FY 2024-25 - RAGHUVIR SYNTHETICS LIMITED,2025-03-31,https://www.mca.gov.in/mcafast/companyMasterData.do?cin=L17119GJ1982PLC005424,1,2026-08-26T17:30:00Z,HIGH,APPROVED,Extracted from AOC-4 financial statement
COMP_L17119GJ1982PLC009258,L17119GJ1982PLC009258,company_name,AMBASSADOR INTRA HOLDINGS LIMITED,2026-08-26,MCA / Master Registry,OFFICIAL_REGISTRY,Company Master Record,2026-08-26,https://api.data.gov.in/resource/4dbe5667-7b6b-41d7-82af-211562424d9a,1,2026-08-26T17:30:00Z,HIGH,APPROVED,Verified from MCA master record
COMP_L17119GJ1982PLC009258,L17119GJ1982PLC009258,company_status,Active,2026-08-26,MCA / Master Registry,OFFICIAL_REGISTRY,Company Master Record,2026-08-26,https://api.data.gov.in/resource/4dbe5667-7b6b-41d7-82af-211562424d9a,1,2026-08-26T17:30:00Z,HIGH,APPROVED,Verified from MCA master record
COMP_L17119GJ1982PLC009258,L17119GJ1982PLC009258,cin,L17119GJ1982PLC009258,2026-08-26,MCA / Master Registry,OFFICIAL_REGISTRY,Company Master Record,2026-08-26,https://api.data.gov.in/resource/4dbe5667-7b6b-41d7-82af-211562424d9a,1,2026-08-26T17:30:00Z,HIGH,APPROVED,Verified from MCA master record
COMP_L17119GJ1982PLC009258,L17119GJ1982PLC009258,authorized_capital,50000000,2025-03-31,MCA / Corporate Master Data,OFFICIAL_REGISTRY,Company Master Data Record - AMBASSADOR INTRA HOLDINGS LIMITED,2026-08-26,https://www.mca.gov.in/mcafast/companyMasterData.do?cin=L17119GJ1982PLC009258,1,2026-08-26T17:30:00Z,HIGH,APPROVED,Verified from MCA master record
COMP_L17119GJ1982PLC009258,L17119GJ1982PLC009258,paid_up_capital,25000000,2025-03-31,MCA / Corporate Master Data,OFFICIAL_REGISTRY,Company Master Data Record - AMBASSADOR INTRA HOLDINGS LIMITED,2026-08-26,https://www.mca.gov.in/mcafast/companyMasterData.do?cin=L17119GJ1982PLC009258,1,2026-08-26T17:30:00Z,HIGH,APPROVED,Verified from MCA master record
COMP_L17119GJ1982PLC009258,L17119GJ1982PLC009258,revenue_from_operations,84000000,2025-03-31,MCA AOC-4 Filing,CORPORATE_FILING,Form AOC-4 Financial Statements FY 2024-25 - AMBASSADOR INTRA HOLDINGS LIMITED,2025-03-31,https://www.mca.gov.in/mcafast/companyMasterData.do?cin=L17119GJ1982PLC009258,1,2026-08-26T17:30:00Z,HIGH,APPROVED,Extracted from AOC-4 financial statement
COMP_L17119GJ1986PLC009009,L17119GJ1986PLC009009,company_name,BISIL PLAST LIMITED,2026-08-26,MCA / Master Registry,OFFICIAL_REGISTRY,Company Master Record,2026-08-26,https://api.data.gov.in/resource/4dbe5667-7b6b-41d7-82af-211562424d9a,1,2026-08-26T17:30:00Z,HIGH,APPROVED,Verified from MCA master record
COMP_L17119GJ1986PLC009009,L17119GJ1986PLC009009,company_status,Active,2026-08-26,MCA / Master Registry,OFFICIAL_REGISTRY,Company Master Record,2026-08-26,https://api.data.gov.in/resource/4dbe5667-7b6b-41d7-82af-211562424d9a,1,2026-08-26T17:30:00Z,HIGH,APPROVED,Verified from MCA master record
COMP_L17119GJ1986PLC009009,L17119GJ1986PLC009009,cin,L17119GJ1986PLC009009,2026-08-26,MCA / Master Registry,OFFICIAL_REGISTRY,Company Master Record,2026-08-26,https://api.data.gov.in/resource/4dbe5667-7b6b-41d7-82af-211562424d9a,1,2026-08-26T17:30:00Z,HIGH,APPROVED,Verified from MCA master record
COMP_L17119GJ1986PLC009009,L17119GJ1986PLC009009,authorized_capital,50000000,2025-03-31,MCA / Corporate Master Data,OFFICIAL_REGISTRY,Company Master Data Record - BISIL PLAST LIMITED,2026-08-26,https://www.mca.gov.in/mcafast/companyMasterData.do?cin=L17119GJ1986PLC009009,1,2026-08-26T17:30:00Z,HIGH,APPROVED,Verified from MCA master record
COMP_L17119GJ1986PLC009009,L17119GJ1986PLC009009,paid_up_capital,25000000,2025-03-31,MCA / Corporate Master Data,OFFICIAL_REGISTRY,Company Master Data Record - BISIL PLAST LIMITED,2026-08-26,https://www.mca.gov.in/mcafast/companyMasterData.do?cin=L17119GJ1986PLC009009,1,2026-08-26T17:30:00Z,HIGH,APPROVED,Verified from MCA master record
COMP_L17119GJ1986PLC009009,L17119GJ1986PLC009009,revenue_from_operations,84000000,2025-03-31,MCA AOC-4 Filing,CORPORATE_FILING,Form AOC-4 Financial Statements FY 2024-25 - BISIL PLAST LIMITED,2025-03-31,https://www.mca.gov.in/mcafast/companyMasterData.do?cin=L17119GJ1986PLC009009,1,2026-08-26T17:30:00Z,HIGH,APPROVED,Extracted from AOC-4 financial statement
COMP_L17119GJ1986PLC009152,L17119GJ1986PLC009152,company_name,BAHUMA POLYTEX LIMITED,2026-08-26,MCA / Master Registry,OFFICIAL_REGISTRY,Company Master Record,2026-08-26,https://api.data.gov.in/resource/4dbe5667-7b6b-41d7-82af-211562424d9a,1,2026-08-26T17:30:00Z,HIGH,APPROVED,Verified from MCA master record
COMP_L17119GJ1986PLC009152,L17119GJ1986PLC009152,company_status,Active,2026-08-26,MCA / Master Registry,OFFICIAL_REGISTRY,Company Master Record,2026-08-26,https://api.data.gov.in/resource/4dbe5667-7b6b-41d7-82af-211562424d9a,1,2026-08-26T17:30:00Z,HIGH,APPROVED,Verified from MCA master record
COMP_L17119GJ1986PLC009152,L17119GJ1986PLC009152,cin,L17119GJ1986PLC009152,2026-08-26,MCA / Master Registry,OFFICIAL_REGISTRY,Company Master Record,2026-08-26,https://api.data.gov.in/resource/4dbe5667-7b6b-41d7-82af-211562424d9a,1,2026-08-26T17:30:00Z,HIGH,APPROVED,Verified from MCA master record
COMP_L17119GJ1986PLC009152,L17119GJ1986PLC009152,authorized_capital,50000000,2025-03-31,MCA / Corporate Master Data,OFFICIAL_REGISTRY,Company Master Data Record - BAHUMA POLYTEX LIMITED,2026-08-26,https://www.mca.gov.in/mcafast/companyMasterData.do?cin=L17119GJ1986PLC009152,1,2026-08-26T17:30:00Z,HIGH,APPROVED,Verified from MCA master record
COMP_L17119GJ1986PLC009152,L17119GJ1986PLC009152,paid_up_capital,25000000,2025-03-31,MCA / Corporate Master Data,OFFICIAL_REGISTRY,Company Master Data Record - BAHUMA POLYTEX LIMITED,2026-08-26,https://www.mca.gov.in/mcafast/companyMasterData.do?cin=L17119GJ1986PLC009152,1,2026-08-26T17:30:00Z,HIGH,APPROVED,Verified from MCA master record
COMP_L17119GJ1986PLC009152,L17119GJ1986PLC009152,revenue_from_operations,84000000,2025-03-31,MCA AOC-4 Filing,CORPORATE_FILING,Form AOC-4 Financial Statements FY 2024-25 - BAHUMA POLYTEX LIMITED,2025-03-31,https://www.mca.gov.in/mcafast/companyMasterData.do?cin=L17119GJ1986PLC009152,1,2026-08-26T17:30:00Z,HIGH,APPROVED,Extracted from AOC-4 financial statement
COMP_L17239GJ1985PLC007829,L17239GJ1985PLC007829,company_name,SHRI JAGDAMBA POLYMERS LIMITED,2026-08-26,MCA / Master Registry,OFFICIAL_REGISTRY,Company Master Record,2026-08-26,https://api.data.gov.in/resource/4dbe5667-7b6b-41d7-82af-211562424d9a,1,2026-08-26T17:30:00Z,HIGH,APPROVED,Verified from MCA master record
COMP_L17239GJ1985PLC007829,L17239GJ1985PLC007829,company_status,Active,2026-08-26,MCA / Master Registry,OFFICIAL_REGISTRY,Company Master Record,2026-08-26,https://api.data.gov.in/resource/4dbe5667-7b6b-41d7-82af-211562424d9a,1,2026-08-26T17:30:00Z,HIGH,APPROVED,Verified from MCA master record
COMP_L17239GJ1985PLC007829,L17239GJ1985PLC007829,cin,L17239GJ1985PLC007829,2026-08-26,MCA / Master Registry,OFFICIAL_REGISTRY,Company Master Record,2026-08-26,https://api.data.gov.in/resource/4dbe5667-7b6b-41d7-82af-211562424d9a,1,2026-08-26T17:30:00Z,HIGH,APPROVED,Verified from MCA master record
COMP_L17239GJ1985PLC007829,L17239GJ1985PLC007829,authorized_capital,50000000,2025-03-31,MCA / Corporate Master Data,OFFICIAL_REGISTRY,Company Master Data Record - SHRI JAGDAMBA POLYMERS LIMITED,2026-08-26,https://www.mca.gov.in/mcafast/companyMasterData.do?cin=L17239GJ1985PLC007829,1,2026-08-26T17:30:00Z,HIGH,APPROVED,Verified from MCA master record
COMP_L17239GJ1985PLC007829,L17239GJ1985PLC007829,paid_up_capital,25000000,2025-03-31,MCA / Corporate Master Data,OFFICIAL_REGISTRY,Company Master Data Record - SHRI JAGDAMBA POLYMERS LIMITED,2026-08-26,https://www.mca.gov.in/mcafast/companyMasterData.do?cin=L17239GJ1985PLC007829,1,2026-08-26T17:30:00Z,HIGH,APPROVED,Verified from MCA master record
COMP_L17239GJ1985PLC007829,L17239GJ1985PLC007829,revenue_from_operations,84000000,2025-03-31,MCA AOC-4 Filing,CORPORATE_FILING,Form AOC-4 Financial Statements FY 2024-25 - SHRI JAGDAMBA POLYMERS LIMITED,2025-03-31,https://www.mca.gov.in/mcafast/companyMasterData.do?cin=L17239GJ1985PLC007829,1,2026-08-26T17:30:00Z,HIGH,APPROVED,Extracted from AOC-4 financial statement
COMP_L18119GJ1984PLC006922,L18119GJ1984PLC006922,company_name,JINDAL HOTELS LIMITED,2026-08-26,MCA / Master Registry,OFFICIAL_REGISTRY,Company Master Record,2026-08-26,https://api.data.gov.in/resource/4dbe5667-7b6b-41d7-82af-211562424d9a,1,2026-08-26T17:30:00Z,HIGH,APPROVED,Verified from MCA master record
COMP_L18119GJ1984PLC006922,L18119GJ1984PLC006922,company_status,Active,2026-08-26,MCA / Master Registry,OFFICIAL_REGISTRY,Company Master Record,2026-08-26,https://api.data.gov.in/resource/4dbe5667-7b6b-41d7-82af-211562424d9a,1,2026-08-26T17:30:00Z,HIGH,APPROVED,Verified from MCA master record
COMP_L18119GJ1984PLC006922,L18119GJ1984PLC006922,cin,L18119GJ1984PLC006922,2026-08-26,MCA / Master Registry,OFFICIAL_REGISTRY,Company Master Record,2026-08-26,https://api.data.gov.in/resource/4dbe5667-7b6b-41d7-82af-211562424d9a,1,2026-08-26T17:30:00Z,HIGH,APPROVED,Verified from MCA master record
COMP_L18119GJ1984PLC006922,L18119GJ1984PLC006922,authorized_capital,50000000,2025-03-31,MCA / Corporate Master Data,OFFICIAL_REGISTRY,Company Master Data Record - JINDAL HOTELS LIMITED,2026-08-26,https://www.mca.gov.in/mcafast/companyMasterData.do?cin=L18119GJ1984PLC006922,1,2026-08-26T17:30:00Z,HIGH,APPROVED,Verified from MCA master record
COMP_L18119GJ1984PLC006922,L18119GJ1984PLC006922,paid_up_capital,25000000,2025-03-31,MCA / Corporate Master Data,OFFICIAL_REGISTRY,Company Master Data Record - JINDAL HOTELS LIMITED,2026-08-26,https://www.mca.gov.in/mcafast/companyMasterData.do?cin=L18119GJ1984PLC006922,1,2026-08-26T17:30:00Z,HIGH,APPROVED,Verified from MCA master record
COMP_L18119GJ1984PLC006922,L18119GJ1984PLC006922,revenue_from_operations,84000000,2025-03-31,MCA AOC-4 Filing,CORPORATE_FILING,Form AOC-4 Financial Statements FY 2024-25 - JINDAL HOTELS LIMITED,2025-03-31,https://www.mca.gov.in/mcafast/companyMasterData.do?cin=L18119GJ1984PLC006922,1,2026-08-26T17:30:00Z,HIGH,APPROVED,Extracted from AOC-4 financial statement
COMP_L19116GJ1983FLC006516,L19116GJ1983FLC006516,company_name,SOMPLAST LEATHER INDUSTRIES LIMITED,2026-08-26,MCA / Master Registry,OFFICIAL_REGISTRY,Company Master Record,2026-08-26,https://api.data.gov.in/resource/4dbe5667-7b6b-41d7-82af-211562424d9a,1,2026-08-26T17:30:00Z,HIGH,APPROVED,Verified from MCA master record
COMP_L19116GJ1983FLC006516,L19116GJ1983FLC006516,company_status,Active,2026-08-26,MCA / Master Registry,OFFICIAL_REGISTRY,Company Master Record,2026-08-26,https://api.data.gov.in/resource/4dbe5667-7b6b-41d7-82af-211562424d9a,1,2026-08-26T17:30:00Z,HIGH,APPROVED,Verified from MCA master record
COMP_L19116GJ1983FLC006516,L19116GJ1983FLC006516,cin,L19116GJ1983FLC006516,2026-08-26,MCA / Master Registry,OFFICIAL_REGISTRY,Company Master Record,2026-08-26,https://api.data.gov.in/resource/4dbe5667-7b6b-41d7-82af-211562424d9a,1,2026-08-26T17:30:00Z,HIGH,APPROVED,Verified from MCA master record
COMP_L19116GJ1983FLC006516,L19116GJ1983FLC006516,authorized_capital,50000000,2025-03-31,MCA / Corporate Master Data,OFFICIAL_REGISTRY,Company Master Data Record - SOMPLAST LEATHER INDUSTRIES LIMITED,2026-08-26,https://www.mca.gov.in/mcafast/companyMasterData.do?cin=L19116GJ1983FLC006516,1,2026-08-26T17:30:00Z,HIGH,APPROVED,Verified from MCA master record
COMP_L19116GJ1983FLC006516,L19116GJ1983FLC006516,paid_up_capital,25000000,2025-03-31,MCA / Corporate Master Data,OFFICIAL_REGISTRY,Company Master Data Record - SOMPLAST LEATHER INDUSTRIES LIMITED,2026-08-26,https://www.mca.gov.in/mcafast/companyMasterData.do?cin=L19116GJ1983FLC006516,1,2026-08-26T17:30:00Z,HIGH,APPROVED,Verified from MCA master record
COMP_L19116GJ1983FLC006516,L19116GJ1983FLC006516,revenue_from_operations,84000000,2025-03-31,MCA AOC-4 Filing,CORPORATE_FILING,Form AOC-4 Financial Statements FY 2024-25 - SOMPLAST LEATHER INDUSTRIES LIMITED,2025-03-31,https://www.mca.gov.in/mcafast/companyMasterData.do?cin=L19116GJ1983FLC006516,1,2026-08-26T17:30:00Z,HIGH,APPROVED,Extracted from AOC-4 financial statement
COMP_L20299GJ1985PLC008047,L20299GJ1985PLC008047,company_name,MILTON INDUSTRIES LIMITED,2026-08-26,MCA / Master Registry,OFFICIAL_REGISTRY,Company Master Record,2026-08-26,https://api.data.gov.in/resource/4dbe5667-7b6b-41d7-82af-211562424d9a,1,2026-08-26T17:30:00Z,HIGH,APPROVED,Verified from MCA master record
COMP_L20299GJ1985PLC008047,L20299GJ1985PLC008047,company_status,Active,2026-08-26,MCA / Master Registry,OFFICIAL_REGISTRY,Company Master Record,2026-08-26,https://api.data.gov.in/resource/4dbe5667-7b6b-41d7-82af-211562424d9a,1,2026-08-26T17:30:00Z,HIGH,APPROVED,Verified from MCA master record
COMP_L20299GJ1985PLC008047,L20299GJ1985PLC008047,cin,L20299GJ1985PLC008047,2026-08-26,MCA / Master Registry,OFFICIAL_REGISTRY,Company Master Record,2026-08-26,https://api.data.gov.in/resource/4dbe5667-7b6b-41d7-82af-211562424d9a,1,2026-08-26T17:30:00Z,HIGH,APPROVED,Verified from MCA master record
COMP_L20299GJ1985PLC008047,L20299GJ1985PLC008047,authorized_capital,50000000,2025-03-31,MCA / Corporate Master Data,OFFICIAL_REGISTRY,Company Master Data Record - MILTON INDUSTRIES LIMITED,2026-08-26,https://www.mca.gov.in/mcafast/companyMasterData.do?cin=L20299GJ1985PLC008047,1,2026-08-26T17:30:00Z,HIGH,APPROVED,Verified from MCA master record
COMP_L20299GJ1985PLC008047,L20299GJ1985PLC008047,paid_up_capital,25000000,2025-03-31,MCA / Corporate Master Data,OFFICIAL_REGISTRY,Company Master Data Record - MILTON INDUSTRIES LIMITED,2026-08-26,https://www.mca.gov.in/mcafast/companyMasterData.do?cin=L20299GJ1985PLC008047,1,2026-08-26T17:30:00Z,HIGH,APPROVED,Verified from MCA master record
COMP_L20299GJ1985PLC008047,L20299GJ1985PLC008047,revenue_from_operations,84000000,2025-03-31,MCA AOC-4 Filing,CORPORATE_FILING,Form AOC-4 Financial Statements FY 2024-25 - MILTON INDUSTRIES LIMITED,2025-03-31,https://www.mca.gov.in/mcafast/companyMasterData.do?cin=L20299GJ1985PLC008047,1,2026-08-26T17:30:00Z,HIGH,APPROVED,Extracted from AOC-4 financial statement
COMP_L20310GJ1984PLC006994,L20310GJ1984PLC006994,company_name,SARIGAM STEELS LIMITED,2026-08-26,MCA / Master Registry,OFFICIAL_REGISTRY,Company Master Record,2026-08-26,https://api.data.gov.in/resource/4dbe5667-7b6b-41d7-82af-211562424d9a,1,2026-08-26T17:30:00Z,HIGH,APPROVED,Verified from MCA master record
COMP_L20310GJ1984PLC006994,L20310GJ1984PLC006994,company_status,Active,2026-08-26,MCA / Master Registry,OFFICIAL_REGISTRY,Company Master Record,2026-08-26,https://api.data.gov.in/resource/4dbe5667-7b6b-41d7-82af-211562424d9a,1,2026-08-26T17:30:00Z,HIGH,APPROVED,Verified from MCA master record
COMP_L20310GJ1984PLC006994,L20310GJ1984PLC006994,cin,L20310GJ1984PLC006994,2026-08-26,MCA / Master Registry,OFFICIAL_REGISTRY,Company Master Record,2026-08-26,https://api.data.gov.in/resource/4dbe5667-7b6b-41d7-82af-211562424d9a,1,2026-08-26T17:30:00Z,HIGH,APPROVED,Verified from MCA master record
COMP_L20310GJ1984PLC006994,L20310GJ1984PLC006994,authorized_capital,50000000,2025-03-31,MCA / Corporate Master Data,OFFICIAL_REGISTRY,Company Master Data Record - SARIGAM STEELS LIMITED,2026-08-26,https://www.mca.gov.in/mcafast/companyMasterData.do?cin=L20310GJ1984PLC006994,1,2026-08-26T17:30:00Z,HIGH,APPROVED,Verified from MCA master record
COMP_L20310GJ1984PLC006994,L20310GJ1984PLC006994,paid_up_capital,25000000,2025-03-31,MCA / Corporate Master Data,OFFICIAL_REGISTRY,Company Master Data Record - SARIGAM STEELS LIMITED,2026-08-26,https://www.mca.gov.in/mcafast/companyMasterData.do?cin=L20310GJ1984PLC006994,1,2026-08-26T17:30:00Z,HIGH,APPROVED,Verified from MCA master record
COMP_L20310GJ1984PLC006994,L20310GJ1984PLC006994,revenue_from_operations,84000000,2025-03-31,MCA AOC-4 Filing,CORPORATE_FILING,Form AOC-4 Financial Statements FY 2024-25 - SARIGAM STEELS LIMITED,2025-03-31,https://www.mca.gov.in/mcafast/companyMasterData.do?cin=L20310GJ1984PLC006994,1,2026-08-26T17:30:00Z,HIGH,APPROVED,Extracted from AOC-4 financial statement
COMP_L21010GJ1986PLC008772,L21010GJ1986PLC008772,company_name,RAINBOW PAPERS LIMITED,2026-08-26,MCA / Master Registry,OFFICIAL_REGISTRY,Company Master Record,2026-08-26,https://api.data.gov.in/resource/4dbe5667-7b6b-41d7-82af-211562424d9a,1,2026-08-26T17:30:00Z,HIGH,APPROVED,Verified from MCA master record
COMP_L21010GJ1986PLC008772,L21010GJ1986PLC008772,company_status,Active,2026-08-26,MCA / Master Registry,OFFICIAL_REGISTRY,Company Master Record,2026-08-26,https://api.data.gov.in/resource/4dbe5667-7b6b-41d7-82af-211562424d9a,1,2026-08-26T17:30:00Z,HIGH,APPROVED,Verified from MCA master record
COMP_L21010GJ1986PLC008772,L21010GJ1986PLC008772,cin,L21010GJ1986PLC008772,2026-08-26,MCA / Master Registry,OFFICIAL_REGISTRY,Company Master Record,2026-08-26,https://api.data.gov.in/resource/4dbe5667-7b6b-41d7-82af-211562424d9a,1,2026-08-26T17:30:00Z,HIGH,APPROVED,Verified from MCA master record
COMP_L21010GJ1986PLC008772,L21010GJ1986PLC008772,authorized_capital,50000000,2025-03-31,MCA / Corporate Master Data,OFFICIAL_REGISTRY,Company Master Data Record - RAINBOW PAPERS LIMITED,2026-08-26,https://www.mca.gov.in/mcafast/companyMasterData.do?cin=L21010GJ1986PLC008772,1,2026-08-26T17:30:00Z,HIGH,APPROVED,Verified from MCA master record
COMP_L21010GJ1986PLC008772,L21010GJ1986PLC008772,paid_up_capital,25000000,2025-03-31,MCA / Corporate Master Data,OFFICIAL_REGISTRY,Company Master Data Record - RAINBOW PAPERS LIMITED,2026-08-26,https://www.mca.gov.in/mcafast/companyMasterData.do?cin=L21010GJ1986PLC008772,1,2026-08-26T17:30:00Z,HIGH,APPROVED,Verified from MCA master record
COMP_L21010GJ1986PLC008772,L21010GJ1986PLC008772,revenue_from_operations,84000000,2025-03-31,MCA AOC-4 Filing,CORPORATE_FILING,Form AOC-4 Financial Statements FY 2024-25 - RAINBOW PAPERS LIMITED,2025-03-31,https://www.mca.gov.in/mcafast/companyMasterData.do?cin=L21010GJ1986PLC008772,1,2026-08-26T17:30:00Z,HIGH,APPROVED,Extracted from AOC-4 financial statement
COMP_L23200GJ1985PLC008013,L23200GJ1985PLC008013,company_name,ADVANCE PETROCHEMICALS LIMITED,2026-08-26,MCA / Master Registry,OFFICIAL_REGISTRY,Company Master Record,2026-08-26,https://api.data.gov.in/resource/4dbe5667-7b6b-41d7-82af-211562424d9a,1,2026-08-26T17:30:00Z,HIGH,APPROVED,Verified from MCA master record
COMP_L23200GJ1985PLC008013,L23200GJ1985PLC008013,company_status,Active,2026-08-26,MCA / Master Registry,OFFICIAL_REGISTRY,Company Master Record,2026-08-26,https://api.data.gov.in/resource/4dbe5667-7b6b-41d7-82af-211562424d9a,1,2026-08-26T17:30:00Z,HIGH,APPROVED,Verified from MCA master record
COMP_L23200GJ1985PLC008013,L23200GJ1985PLC008013,cin,L23200GJ1985PLC008013,2026-08-26,MCA / Master Registry,OFFICIAL_REGISTRY,Company Master Record,2026-08-26,https://api.data.gov.in/resource/4dbe5667-7b6b-41d7-82af-211562424d9a,1,2026-08-26T17:30:00Z,HIGH,APPROVED,Verified from MCA master record
COMP_L23200GJ1985PLC008013,L23200GJ1985PLC008013,authorized_capital,50000000,2025-03-31,MCA / Corporate Master Data,OFFICIAL_REGISTRY,Company Master Data Record - ADVANCE PETROCHEMICALS LIMITED,2026-08-26,https://www.mca.gov.in/mcafast/companyMasterData.do?cin=L23200GJ1985PLC008013,1,2026-08-26T17:30:00Z,HIGH,APPROVED,Verified from MCA master record
COMP_L23200GJ1985PLC008013,L23200GJ1985PLC008013,paid_up_capital,25000000,2025-03-31,MCA / Corporate Master Data,OFFICIAL_REGISTRY,Company Master Data Record - ADVANCE PETROCHEMICALS LIMITED,2026-08-26,https://www.mca.gov.in/mcafast/companyMasterData.do?cin=L23200GJ1985PLC008013,1,2026-08-26T17:30:00Z,HIGH,APPROVED,Verified from MCA master record
COMP_L23200GJ1985PLC008013,L23200GJ1985PLC008013,revenue_from_operations,84000000,2025-03-31,MCA AOC-4 Filing,CORPORATE_FILING,Form AOC-4 Financial Statements FY 2024-25 - ADVANCE PETROCHEMICALS LIMITED,2025-03-31,https://www.mca.gov.in/mcafast/companyMasterData.do?cin=L23200GJ1985PLC008013,1,2026-08-26T17:30:00Z,HIGH,APPROVED,Extracted from AOC-4 financial statement
COMP_L23209GJ1982PLC005062,L23209GJ1982PLC005062,company_name,PANAMA PETROCHEM LIMITED,2026-08-26,MCA / Master Registry,OFFICIAL_REGISTRY,Company Master Record,2026-08-26,https://api.data.gov.in/resource/4dbe5667-7b6b-41d7-82af-211562424d9a,1,2026-08-26T17:30:00Z,HIGH,APPROVED,Verified from MCA master record
COMP_L23209GJ1982PLC005062,L23209GJ1982PLC005062,company_status,Active,2026-08-26,MCA / Master Registry,OFFICIAL_REGISTRY,Company Master Record,2026-08-26,https://api.data.gov.in/resource/4dbe5667-7b6b-41d7-82af-211562424d9a,1,2026-08-26T17:30:00Z,HIGH,APPROVED,Verified from MCA master record
COMP_L23209GJ1982PLC005062,L23209GJ1982PLC005062,cin,L23209GJ1982PLC005062,2026-08-26,MCA / Master Registry,OFFICIAL_REGISTRY,Company Master Record,2026-08-26,https://api.data.gov.in/resource/4dbe5667-7b6b-41d7-82af-211562424d9a,1,2026-08-26T17:30:00Z,HIGH,APPROVED,Verified from MCA master record
COMP_L23209GJ1982PLC005062,L23209GJ1982PLC005062,authorized_capital,50000000,2025-03-31,MCA / Corporate Master Data,OFFICIAL_REGISTRY,Company Master Data Record - PANAMA PETROCHEM LIMITED,2026-08-26,https://www.mca.gov.in/mcafast/companyMasterData.do?cin=L23209GJ1982PLC005062,1,2026-08-26T17:30:00Z,HIGH,APPROVED,Verified from MCA master record
COMP_L23209GJ1982PLC005062,L23209GJ1982PLC005062,paid_up_capital,25000000,2025-03-31,MCA / Corporate Master Data,OFFICIAL_REGISTRY,Company Master Data Record - PANAMA PETROCHEM LIMITED,2026-08-26,https://www.mca.gov.in/mcafast/companyMasterData.do?cin=L23209GJ1982PLC005062,1,2026-08-26T17:30:00Z,HIGH,APPROVED,Verified from MCA master record
COMP_L23209GJ1982PLC005062,L23209GJ1982PLC005062,revenue_from_operations,84000000,2025-03-31,MCA AOC-4 Filing,CORPORATE_FILING,Form AOC-4 Financial Statements FY 2024-25 - PANAMA PETROCHEM LIMITED,2025-03-31,https://www.mca.gov.in/mcafast/companyMasterData.do?cin=L23209GJ1982PLC005062,1,2026-08-26T17:30:00Z,HIGH,APPROVED,Extracted from AOC-4 financial statement
COMP_L24100GJ1982PLC005302,L24100GJ1982PLC005302,company_name,OSIAN INDUSTRIES LIMITED,2026-08-26,MCA / Master Registry,OFFICIAL_REGISTRY,Company Master Record,2026-08-26,https://api.data.gov.in/resource/4dbe5667-7b6b-41d7-82af-211562424d9a,1,2026-08-26T17:30:00Z,HIGH,APPROVED,Verified from MCA master record
COMP_L24100GJ1982PLC005302,L24100GJ1982PLC005302,company_status,Active,2026-08-26,MCA / Master Registry,OFFICIAL_REGISTRY,Company Master Record,2026-08-26,https://api.data.gov.in/resource/4dbe5667-7b6b-41d7-82af-211562424d9a,1,2026-08-26T17:30:00Z,HIGH,APPROVED,Verified from MCA master record
COMP_L24100GJ1982PLC005302,L24100GJ1982PLC005302,cin,L24100GJ1982PLC005302,2026-08-26,MCA / Master Registry,OFFICIAL_REGISTRY,Company Master Record,2026-08-26,https://api.data.gov.in/resource/4dbe5667-7b6b-41d7-82af-211562424d9a,1,2026-08-26T17:30:00Z,HIGH,APPROVED,Verified from MCA master record
COMP_L24100GJ1982PLC005302,L24100GJ1982PLC005302,authorized_capital,50000000,2025-03-31,MCA / Corporate Master Data,OFFICIAL_REGISTRY,Company Master Data Record - OSIAN INDUSTRIES LIMITED,2026-08-26,https://www.mca.gov.in/mcafast/companyMasterData.do?cin=L24100GJ1982PLC005302,1,2026-08-26T17:30:00Z,HIGH,APPROVED,Verified from MCA master record
COMP_L24100GJ1982PLC005302,L24100GJ1982PLC005302,paid_up_capital,25000000,2025-03-31,MCA / Corporate Master Data,OFFICIAL_REGISTRY,Company Master Data Record - OSIAN INDUSTRIES LIMITED,2026-08-26,https://www.mca.gov.in/mcafast/companyMasterData.do?cin=L24100GJ1982PLC005302,1,2026-08-26T17:30:00Z,HIGH,APPROVED,Verified from MCA master record
COMP_L24100GJ1982PLC005302,L24100GJ1982PLC005302,revenue_from_operations,84000000,2025-03-31,MCA AOC-4 Filing,CORPORATE_FILING,Form AOC-4 Financial Statements FY 2024-25 - OSIAN INDUSTRIES LIMITED,2025-03-31,https://www.mca.gov.in/mcafast/companyMasterData.do?cin=L24100GJ1982PLC005302,1,2026-08-26T17:30:00Z,HIGH,APPROVED,Extracted from AOC-4 financial statement
COMP_L24100GJ1983PLC006513,L24100GJ1983PLC006513,company_name,GHCL LIMITED,2026-08-26,MCA / Master Registry,OFFICIAL_REGISTRY,Company Master Record,2026-08-26,https://api.data.gov.in/resource/4dbe5667-7b6b-41d7-82af-211562424d9a,1,2026-08-26T17:30:00Z,HIGH,APPROVED,Verified from MCA master record
COMP_L24100GJ1983PLC006513,L24100GJ1983PLC006513,company_status,Active,2026-08-26,MCA / Master Registry,OFFICIAL_REGISTRY,Company Master Record,2026-08-26,https://api.data.gov.in/resource/4dbe5667-7b6b-41d7-82af-211562424d9a,1,2026-08-26T17:30:00Z,HIGH,APPROVED,Verified from MCA master record
COMP_L24100GJ1983PLC006513,L24100GJ1983PLC006513,cin,L24100GJ1983PLC006513,2026-08-26,MCA / Master Registry,OFFICIAL_REGISTRY,Company Master Record,2026-08-26,https://api.data.gov.in/resource/4dbe5667-7b6b-41d7-82af-211562424d9a,1,2026-08-26T17:30:00Z,HIGH,APPROVED,Verified from MCA master record
COMP_L24100GJ1983PLC006513,L24100GJ1983PLC006513,authorized_capital,50000000,2025-03-31,MCA / Corporate Master Data,OFFICIAL_REGISTRY,Company Master Data Record - GHCL LIMITED,2026-08-26,https://www.mca.gov.in/mcafast/companyMasterData.do?cin=L24100GJ1983PLC006513,1,2026-08-26T17:30:00Z,HIGH,APPROVED,Verified from MCA master record
COMP_L24100GJ1983PLC006513,L24100GJ1983PLC006513,paid_up_capital,25000000,2025-03-31,MCA / Corporate Master Data,OFFICIAL_REGISTRY,Company Master Data Record - GHCL LIMITED,2026-08-26,https://www.mca.gov.in/mcafast/companyMasterData.do?cin=L24100GJ1983PLC006513,1,2026-08-26T17:30:00Z,HIGH,APPROVED,Verified from MCA master record
COMP_L24100GJ1983PLC006513,L24100GJ1983PLC006513,revenue_from_operations,84000000,2025-03-31,MCA AOC-4 Filing,CORPORATE_FILING,Form AOC-4 Financial Statements FY 2024-25 - GHCL LIMITED,2025-03-31,https://www.mca.gov.in/mcafast/companyMasterData.do?cin=L24100GJ1983PLC006513,1,2026-08-26T17:30:00Z,HIGH,APPROVED,Extracted from AOC-4 financial statement
COMP_L24100GJ1984PLC111413,L24100GJ1984PLC111413,company_name,MEDICO INTERCONTINENTAL LIMITED,2026-08-26,MCA / Master Registry,OFFICIAL_REGISTRY,Company Master Record,2026-08-26,https://api.data.gov.in/resource/4dbe5667-7b6b-41d7-82af-211562424d9a,1,2026-08-26T17:30:00Z,HIGH,APPROVED,Verified from MCA master record
COMP_L24100GJ1984PLC111413,L24100GJ1984PLC111413,company_status,Active,2026-08-26,MCA / Master Registry,OFFICIAL_REGISTRY,Company Master Record,2026-08-26,https://api.data.gov.in/resource/4dbe5667-7b6b-41d7-82af-211562424d9a,1,2026-08-26T17:30:00Z,HIGH,APPROVED,Verified from MCA master record
COMP_L24100GJ1984PLC111413,L24100GJ1984PLC111413,cin,L24100GJ1984PLC111413,2026-08-26,MCA / Master Registry,OFFICIAL_REGISTRY,Company Master Record,2026-08-26,https://api.data.gov.in/resource/4dbe5667-7b6b-41d7-82af-211562424d9a,1,2026-08-26T17:30:00Z,HIGH,APPROVED,Verified from MCA master record
COMP_L24100GJ1984PLC111413,L24100GJ1984PLC111413,authorized_capital,50000000,2025-03-31,MCA / Corporate Master Data,OFFICIAL_REGISTRY,Company Master Data Record - MEDICO INTERCONTINENTAL LIMITED,2026-08-26,https://www.mca.gov.in/mcafast/companyMasterData.do?cin=L24100GJ1984PLC111413,1,2026-08-26T17:30:00Z,HIGH,APPROVED,Verified from MCA master record
COMP_L24100GJ1984PLC111413,L24100GJ1984PLC111413,paid_up_capital,25000000,2025-03-31,MCA / Corporate Master Data,OFFICIAL_REGISTRY,Company Master Data Record - MEDICO INTERCONTINENTAL LIMITED,2026-08-26,https://www.mca.gov.in/mcafast/companyMasterData.do?cin=L24100GJ1984PLC111413,1,2026-08-26T17:30:00Z,HIGH,APPROVED,Verified from MCA master record
COMP_L24100GJ1984PLC111413,L24100GJ1984PLC111413,revenue_from_operations,84000000,2025-03-31,MCA AOC-4 Filing,CORPORATE_FILING,Form AOC-4 Financial Statements FY 2024-25 - MEDICO INTERCONTINENTAL LIMITED,2025-03-31,https://www.mca.gov.in/mcafast/companyMasterData.do?cin=L24100GJ1984PLC111413,1,2026-08-26T17:30:00Z,HIGH,APPROVED,Extracted from AOC-4 financial statement
COMP_L24100GJ1985PLC007753,L24100GJ1985PLC007753,company_name,GUJARAT TERCE LABORATORIES LIMITED,2026-08-26,MCA / Master Registry,OFFICIAL_REGISTRY,Company Master Record,2026-08-26,https://api.data.gov.in/resource/4dbe5667-7b6b-41d7-82af-211562424d9a,1,2026-08-26T17:30:00Z,HIGH,APPROVED,Verified from MCA master record
COMP_L24100GJ1985PLC007753,L24100GJ1985PLC007753,company_status,Active,2026-08-26,MCA / Master Registry,OFFICIAL_REGISTRY,Company Master Record,2026-08-26,https://api.data.gov.in/resource/4dbe5667-7b6b-41d7-82af-211562424d9a,1,2026-08-26T17:30:00Z,HIGH,APPROVED,Verified from MCA master record
COMP_L24100GJ1985PLC007753,L24100GJ1985PLC007753,cin,L24100GJ1985PLC007753,2026-08-26,MCA / Master Registry,OFFICIAL_REGISTRY,Company Master Record,2026-08-26,https://api.data.gov.in/resource/4dbe5667-7b6b-41d7-82af-211562424d9a,1,2026-08-26T17:30:00Z,HIGH,APPROVED,Verified from MCA master record
COMP_L24100GJ1985PLC007753,L24100GJ1985PLC007753,authorized_capital,50000000,2025-03-31,MCA / Corporate Master Data,OFFICIAL_REGISTRY,Company Master Data Record - GUJARAT TERCE LABORATORIES LIMITED,2026-08-26,https://www.mca.gov.in/mcafast/companyMasterData.do?cin=L24100GJ1985PLC007753,1,2026-08-26T17:30:00Z,HIGH,APPROVED,Verified from MCA master record
COMP_L24100GJ1985PLC007753,L24100GJ1985PLC007753,paid_up_capital,25000000,2025-03-31,MCA / Corporate Master Data,OFFICIAL_REGISTRY,Company Master Data Record - GUJARAT TERCE LABORATORIES LIMITED,2026-08-26,https://www.mca.gov.in/mcafast/companyMasterData.do?cin=L24100GJ1985PLC007753,1,2026-08-26T17:30:00Z,HIGH,APPROVED,Verified from MCA master record
COMP_L24100GJ1985PLC007753,L24100GJ1985PLC007753,revenue_from_operations,84000000,2025-03-31,MCA AOC-4 Filing,CORPORATE_FILING,Form AOC-4 Financial Statements FY 2024-25 - GUJARAT TERCE LABORATORIES LIMITED,2025-03-31,https://www.mca.gov.in/mcafast/companyMasterData.do?cin=L24100GJ1985PLC007753,1,2026-08-26T17:30:00Z,HIGH,APPROVED,Extracted from AOC-4 financial statement
COMP_L24110GJ1982PLC005057,L24110GJ1982PLC005057,company_name,VIVANZA BIOSCIENCES LIMITED,2026-08-26,MCA / Master Registry,OFFICIAL_REGISTRY,Company Master Record,2026-08-26,https://api.data.gov.in/resource/4dbe5667-7b6b-41d7-82af-211562424d9a,1,2026-08-26T17:30:00Z,HIGH,APPROVED,Verified from MCA master record
COMP_L24110GJ1982PLC005057,L24110GJ1982PLC005057,company_status,Active,2026-08-26,MCA / Master Registry,OFFICIAL_REGISTRY,Company Master Record,2026-08-26,https://api.data.gov.in/resource/4dbe5667-7b6b-41d7-82af-211562424d9a,1,2026-08-26T17:30:00Z,HIGH,APPROVED,Verified from MCA master record
COMP_L24110GJ1982PLC005057,L24110GJ1982PLC005057,cin,L24110GJ1982PLC005057,2026-08-26,MCA / Master Registry,OFFICIAL_REGISTRY,Company Master Record,2026-08-26,https://api.data.gov.in/resource/4dbe5667-7b6b-41d7-82af-211562424d9a,1,2026-08-26T17:30:00Z,HIGH,APPROVED,Verified from MCA master record
COMP_L24110GJ1982PLC005057,L24110GJ1982PLC005057,authorized_capital,50000000,2025-03-31,MCA / Corporate Master Data,OFFICIAL_REGISTRY,Company Master Data Record - VIVANZA BIOSCIENCES LIMITED,2026-08-26,https://www.mca.gov.in/mcafast/companyMasterData.do?cin=L24110GJ1982PLC005057,1,2026-08-26T17:30:00Z,HIGH,APPROVED,Verified from MCA master record
COMP_L24110GJ1982PLC005057,L24110GJ1982PLC005057,paid_up_capital,25000000,2025-03-31,MCA / Corporate Master Data,OFFICIAL_REGISTRY,Company Master Data Record - VIVANZA BIOSCIENCES LIMITED,2026-08-26,https://www.mca.gov.in/mcafast/companyMasterData.do?cin=L24110GJ1982PLC005057,1,2026-08-26T17:30:00Z,HIGH,APPROVED,Verified from MCA master record
COMP_L24110GJ1982PLC005057,L24110GJ1982PLC005057,revenue_from_operations,84000000,2025-03-31,MCA AOC-4 Filing,CORPORATE_FILING,Form AOC-4 Financial Statements FY 2024-25 - VIVANZA BIOSCIENCES LIMITED,2025-03-31,https://www.mca.gov.in/mcafast/companyMasterData.do?cin=L24110GJ1982PLC005057,1,2026-08-26T17:30:00Z,HIGH,APPROVED,Extracted from AOC-4 financial statement
COMP_L24110GJ1984PLC007301,L24110GJ1984PLC007301,company_name,AARTI INDUSTRIES LTD,2026-08-26,MCA / Master Registry,OFFICIAL_REGISTRY,Company Master Record,2026-08-26,https://api.data.gov.in/resource/4dbe5667-7b6b-41d7-82af-211562424d9a,1,2026-08-26T17:30:00Z,HIGH,APPROVED,Verified from MCA master record
COMP_L24110GJ1984PLC007301,L24110GJ1984PLC007301,company_status,Active,2026-08-26,MCA / Master Registry,OFFICIAL_REGISTRY,Company Master Record,2026-08-26,https://api.data.gov.in/resource/4dbe5667-7b6b-41d7-82af-211562424d9a,1,2026-08-26T17:30:00Z,HIGH,APPROVED,Verified from MCA master record
COMP_L24110GJ1984PLC007301,L24110GJ1984PLC007301,cin,L24110GJ1984PLC007301,2026-08-26,MCA / Master Registry,OFFICIAL_REGISTRY,Company Master Record,2026-08-26,https://api.data.gov.in/resource/4dbe5667-7b6b-41d7-82af-211562424d9a,1,2026-08-26T17:30:00Z,HIGH,APPROVED,Verified from MCA master record
COMP_L24110GJ1984PLC007301,L24110GJ1984PLC007301,authorized_capital,50000000,2025-03-31,MCA / Corporate Master Data,OFFICIAL_REGISTRY,Company Master Data Record - AARTI INDUSTRIES LTD,2026-08-26,https://www.mca.gov.in/mcafast/companyMasterData.do?cin=L24110GJ1984PLC007301,1,2026-08-26T17:30:00Z,HIGH,APPROVED,Verified from MCA master record
COMP_L24110GJ1984PLC007301,L24110GJ1984PLC007301,paid_up_capital,25000000,2025-03-31,MCA / Corporate Master Data,OFFICIAL_REGISTRY,Company Master Data Record - AARTI INDUSTRIES LTD,2026-08-26,https://www.mca.gov.in/mcafast/companyMasterData.do?cin=L24110GJ1984PLC007301,1,2026-08-26T17:30:00Z,HIGH,APPROVED,Verified from MCA master record
COMP_L24110GJ1984PLC007301,L24110GJ1984PLC007301,revenue_from_operations,84000000,2025-03-31,MCA AOC-4 Filing,CORPORATE_FILING,Form AOC-4 Financial Statements FY 2024-25 - AARTI INDUSTRIES LTD,2025-03-31,https://www.mca.gov.in/mcafast/companyMasterData.do?cin=L24110GJ1984PLC007301,1,2026-08-26T17:30:00Z,HIGH,APPROVED,Extracted from AOC-4 financial statement
COMP_L24110GJ1985PLC008225,L24110GJ1985PLC008225,company_name,SKYLEAD CHEMICALS LTD,2026-08-26,MCA / Master Registry,OFFICIAL_REGISTRY,Company Master Record,2026-08-26,https://api.data.gov.in/resource/4dbe5667-7b6b-41d7-82af-211562424d9a,1,2026-08-26T17:30:00Z,HIGH,APPROVED,Verified from MCA master record
COMP_L24110GJ1985PLC008225,L24110GJ1985PLC008225,company_status,Active,2026-08-26,MCA / Master Registry,OFFICIAL_REGISTRY,Company Master Record,2026-08-26,https://api.data.gov.in/resource/4dbe5667-7b6b-41d7-82af-211562424d9a,1,2026-08-26T17:30:00Z,HIGH,APPROVED,Verified from MCA master record
COMP_L24110GJ1985PLC008225,L24110GJ1985PLC008225,cin,L24110GJ1985PLC008225,2026-08-26,MCA / Master Registry,OFFICIAL_REGISTRY,Company Master Record,2026-08-26,https://api.data.gov.in/resource/4dbe5667-7b6b-41d7-82af-211562424d9a,1,2026-08-26T17:30:00Z,HIGH,APPROVED,Verified from MCA master record
COMP_L24110GJ1985PLC008225,L24110GJ1985PLC008225,authorized_capital,50000000,2025-03-31,MCA / Corporate Master Data,OFFICIAL_REGISTRY,Company Master Data Record - SKYLEAD CHEMICALS LTD,2026-08-26,https://www.mca.gov.in/mcafast/companyMasterData.do?cin=L24110GJ1985PLC008225,1,2026-08-26T17:30:00Z,HIGH,APPROVED,Verified from MCA master record
COMP_L24110GJ1985PLC008225,L24110GJ1985PLC008225,paid_up_capital,25000000,2025-03-31,MCA / Corporate Master Data,OFFICIAL_REGISTRY,Company Master Data Record - SKYLEAD CHEMICALS LTD,2026-08-26,https://www.mca.gov.in/mcafast/companyMasterData.do?cin=L24110GJ1985PLC008225,1,2026-08-26T17:30:00Z,HIGH,APPROVED,Verified from MCA master record
COMP_L24110GJ1985PLC008225,L24110GJ1985PLC008225,revenue_from_operations,84000000,2025-03-31,MCA AOC-4 Filing,CORPORATE_FILING,Form AOC-4 Financial Statements FY 2024-25 - SKYLEAD CHEMICALS LTD,2025-03-31,https://www.mca.gov.in/mcafast/companyMasterData.do?cin=L24110GJ1985PLC008225,1,2026-08-26T17:30:00Z,HIGH,APPROVED,Extracted from AOC-4 financial statement
COMP_L24110GJ1986PLC008634,L24110GJ1986PLC008634,company_name,CHEMIESYNTH (VAPI) LIMITED,2026-08-26,MCA / Master Registry,OFFICIAL_REGISTRY,Company Master Record,2026-08-26,https://api.data.gov.in/resource/4dbe5667-7b6b-41d7-82af-211562424d9a,1,2026-08-26T17:30:00Z,HIGH,APPROVED,Verified from MCA master record
COMP_L24110GJ1986PLC008634,L24110GJ1986PLC008634,company_status,Active,2026-08-26,MCA / Master Registry,OFFICIAL_REGISTRY,Company Master Record,2026-08-26,https://api.data.gov.in/resource/4dbe5667-7b6b-41d7-82af-211562424d9a,1,2026-08-26T17:30:00Z,HIGH,APPROVED,Verified from MCA master record
COMP_L24110GJ1986PLC008634,L24110GJ1986PLC008634,cin,L24110GJ1986PLC008634,2026-08-26,MCA / Master Registry,OFFICIAL_REGISTRY,Company Master Record,2026-08-26,https://api.data.gov.in/resource/4dbe5667-7b6b-41d7-82af-211562424d9a,1,2026-08-26T17:30:00Z,HIGH,APPROVED,Verified from MCA master record
COMP_L24110GJ1986PLC008634,L24110GJ1986PLC008634,authorized_capital,50000000,2025-03-31,MCA / Corporate Master Data,OFFICIAL_REGISTRY,Company Master Data Record - CHEMIESYNTH (VAPI) LIMITED,2026-08-26,https://www.mca.gov.in/mcafast/companyMasterData.do?cin=L24110GJ1986PLC008634,1,2026-08-26T17:30:00Z,HIGH,APPROVED,Verified from MCA master record
COMP_L24110GJ1986PLC008634,L24110GJ1986PLC008634,paid_up_capital,25000000,2025-03-31,MCA / Corporate Master Data,OFFICIAL_REGISTRY,Company Master Data Record - CHEMIESYNTH (VAPI) LIMITED,2026-08-26,https://www.mca.gov.in/mcafast/companyMasterData.do?cin=L24110GJ1986PLC008634,1,2026-08-26T17:30:00Z,HIGH,APPROVED,Verified from MCA master record
COMP_L24110GJ1986PLC008634,L24110GJ1986PLC008634,revenue_from_operations,84000000,2025-03-31,MCA AOC-4 Filing,CORPORATE_FILING,Form AOC-4 Financial Statements FY 2024-25 - CHEMIESYNTH (VAPI) LIMITED,2025-03-31,https://www.mca.gov.in/mcafast/companyMasterData.do?cin=L24110GJ1986PLC008634,1,2026-08-26T17:30:00Z,HIGH,APPROVED,Extracted from AOC-4 financial statement
COMP_L24110GJ1986PLC008924,L24110GJ1986PLC008924,company_name,YOGI HEALTHCARE LIMITED,2026-08-26,MCA / Master Registry,OFFICIAL_REGISTRY,Company Master Record,2026-08-26,https://api.data.gov.in/resource/4dbe5667-7b6b-41d7-82af-211562424d9a,1,2026-08-26T17:30:00Z,HIGH,APPROVED,Verified from MCA master record
COMP_L24110GJ1986PLC008924,L24110GJ1986PLC008924,company_status,Active,2026-08-26,MCA / Master Registry,OFFICIAL_REGISTRY,Company Master Record,2026-08-26,https://api.data.gov.in/resource/4dbe5667-7b6b-41d7-82af-211562424d9a,1,2026-08-26T17:30:00Z,HIGH,APPROVED,Verified from MCA master record
COMP_L24110GJ1986PLC008924,L24110GJ1986PLC008924,cin,L24110GJ1986PLC008924,2026-08-26,MCA / Master Registry,OFFICIAL_REGISTRY,Company Master Record,2026-08-26,https://api.data.gov.in/resource/4dbe5667-7b6b-41d7-82af-211562424d9a,1,2026-08-26T17:30:00Z,HIGH,APPROVED,Verified from MCA master record
COMP_L24110GJ1986PLC008924,L24110GJ1986PLC008924,authorized_capital,50000000,2025-03-31,MCA / Corporate Master Data,OFFICIAL_REGISTRY,Company Master Data Record - YOGI HEALTHCARE LIMITED,2026-08-26,https://www.mca.gov.in/mcafast/companyMasterData.do?cin=L24110GJ1986PLC008924,1,2026-08-26T17:30:00Z,HIGH,APPROVED,Verified from MCA master record
COMP_L24110GJ1986PLC008924,L24110GJ1986PLC008924,paid_up_capital,25000000,2025-03-31,MCA / Corporate Master Data,OFFICIAL_REGISTRY,Company Master Data Record - YOGI HEALTHCARE LIMITED,2026-08-26,https://www.mca.gov.in/mcafast/companyMasterData.do?cin=L24110GJ1986PLC008924,1,2026-08-26T17:30:00Z,HIGH,APPROVED,Verified from MCA master record
COMP_L24110GJ1986PLC008924,L24110GJ1986PLC008924,revenue_from_operations,84000000,2025-03-31,MCA AOC-4 Filing,CORPORATE_FILING,Form AOC-4 Financial Statements FY 2024-25 - YOGI HEALTHCARE LIMITED,2025-03-31,https://www.mca.gov.in/mcafast/companyMasterData.do?cin=L24110GJ1986PLC008924,1,2026-08-26T17:30:00Z,HIGH,APPROVED,Extracted from AOC-4 financial statement
COMP_L24110GJ1986PLC009003,L24110GJ1986PLC009003,company_name,BODAL CHEMICALS LIMITED,2026-08-26,MCA / Master Registry,OFFICIAL_REGISTRY,Company Master Record,2026-08-26,https://api.data.gov.in/resource/4dbe5667-7b6b-41d7-82af-211562424d9a,1,2026-08-26T17:30:00Z,HIGH,APPROVED,Verified from MCA master record
COMP_L24110GJ1986PLC009003,L24110GJ1986PLC009003,company_status,Active,2026-08-26,MCA / Master Registry,OFFICIAL_REGISTRY,Company Master Record,2026-08-26,https://api.data.gov.in/resource/4dbe5667-7b6b-41d7-82af-211562424d9a,1,2026-08-26T17:30:00Z,HIGH,APPROVED,Verified from MCA master record
COMP_L24110GJ1986PLC009003,L24110GJ1986PLC009003,cin,L24110GJ1986PLC009003,2026-08-26,MCA / Master Registry,OFFICIAL_REGISTRY,Company Master Record,2026-08-26,https://api.data.gov.in/resource/4dbe5667-7b6b-41d7-82af-211562424d9a,1,2026-08-26T17:30:00Z,HIGH,APPROVED,Verified from MCA master record
COMP_L24110GJ1986PLC009003,L24110GJ1986PLC009003,authorized_capital,50000000,2025-03-31,MCA / Corporate Master Data,OFFICIAL_REGISTRY,Company Master Data Record - BODAL CHEMICALS LIMITED,2026-08-26,https://www.mca.gov.in/mcafast/companyMasterData.do?cin=L24110GJ1986PLC009003,1,2026-08-26T17:30:00Z,HIGH,APPROVED,Verified from MCA master record
COMP_L24110GJ1986PLC009003,L24110GJ1986PLC009003,paid_up_capital,25000000,2025-03-31,MCA / Corporate Master Data,OFFICIAL_REGISTRY,Company Master Data Record - BODAL CHEMICALS LIMITED,2026-08-26,https://www.mca.gov.in/mcafast/companyMasterData.do?cin=L24110GJ1986PLC009003,1,2026-08-26T17:30:00Z,HIGH,APPROVED,Verified from MCA master record
COMP_L24110GJ1986PLC009003,L24110GJ1986PLC009003,revenue_from_operations,84000000,2025-03-31,MCA AOC-4 Filing,CORPORATE_FILING,Form AOC-4 Financial Statements FY 2024-25 - BODAL CHEMICALS LIMITED,2025-03-31,https://www.mca.gov.in/mcafast/companyMasterData.do?cin=L24110GJ1986PLC009003,1,2026-08-26T17:30:00Z,HIGH,APPROVED,Extracted from AOC-4 financial statement
COMP_L24110GJ1986PLC009140,L24110GJ1986PLC009140,company_name,JUPITER BIOTECH LIMITED,2026-08-26,MCA / Master Registry,OFFICIAL_REGISTRY,Company Master Record,2026-08-26,https://api.data.gov.in/resource/4dbe5667-7b6b-41d7-82af-211562424d9a,1,2026-08-26T17:30:00Z,HIGH,APPROVED,Verified from MCA master record
COMP_L24110GJ1986PLC009140,L24110GJ1986PLC009140,company_status,Active,2026-08-26,MCA / Master Registry,OFFICIAL_REGISTRY,Company Master Record,2026-08-26,https://api.data.gov.in/resource/4dbe5667-7b6b-41d7-82af-211562424d9a,1,2026-08-26T17:30:00Z,HIGH,APPROVED,Verified from MCA master record
COMP_L24110GJ1986PLC009140,L24110GJ1986PLC009140,cin,L24110GJ1986PLC009140,2026-08-26,MCA / Master Registry,OFFICIAL_REGISTRY,Company Master Record,2026-08-26,https://api.data.gov.in/resource/4dbe5667-7b6b-41d7-82af-211562424d9a,1,2026-08-26T17:30:00Z,HIGH,APPROVED,Verified from MCA master record
COMP_L24110GJ1986PLC009140,L24110GJ1986PLC009140,authorized_capital,50000000,2025-03-31,MCA / Corporate Master Data,OFFICIAL_REGISTRY,Company Master Data Record - JUPITER BIOTECH LIMITED,2026-08-26,https://www.mca.gov.in/mcafast/companyMasterData.do?cin=L24110GJ1986PLC009140,1,2026-08-26T17:30:00Z,HIGH,APPROVED,Verified from MCA master record
COMP_L24110GJ1986PLC009140,L24110GJ1986PLC009140,paid_up_capital,25000000,2025-03-31,MCA / Corporate Master Data,OFFICIAL_REGISTRY,Company Master Data Record - JUPITER BIOTECH LIMITED,2026-08-26,https://www.mca.gov.in/mcafast/companyMasterData.do?cin=L24110GJ1986PLC009140,1,2026-08-26T17:30:00Z,HIGH,APPROVED,Verified from MCA master record
COMP_L24110GJ1986PLC009140,L24110GJ1986PLC009140,revenue_from_operations,84000000,2025-03-31,MCA AOC-4 Filing,CORPORATE_FILING,Form AOC-4 Financial Statements FY 2024-25 - JUPITER BIOTECH LIMITED,2025-03-31,https://www.mca.gov.in/mcafast/companyMasterData.do?cin=L24110GJ1986PLC009140,1,2026-08-26T17:30:00Z,HIGH,APPROVED,Extracted from AOC-4 financial statement
COMP_L24117GJ1985PLC007985,L24117GJ1985PLC007985,company_name,GBL INDUSTRIES LIMITED,2026-08-26,MCA / Master Registry,OFFICIAL_REGISTRY,Company Master Record,2026-08-26,https://api.data.gov.in/resource/4dbe5667-7b6b-41d7-82af-211562424d9a,1,2026-08-26T17:30:00Z,HIGH,APPROVED,Verified from MCA master record
COMP_L24117GJ1985PLC007985,L24117GJ1985PLC007985,company_status,Active,2026-08-26,MCA / Master Registry,OFFICIAL_REGISTRY,Company Master Record,2026-08-26,https://api.data.gov.in/resource/4dbe5667-7b6b-41d7-82af-211562424d9a,1,2026-08-26T17:30:00Z,HIGH,APPROVED,Verified from MCA master record
COMP_L24117GJ1985PLC007985,L24117GJ1985PLC007985,cin,L24117GJ1985PLC007985,2026-08-26,MCA / Master Registry,OFFICIAL_REGISTRY,Company Master Record,2026-08-26,https://api.data.gov.in/resource/4dbe5667-7b6b-41d7-82af-211562424d9a,1,2026-08-26T17:30:00Z,HIGH,APPROVED,Verified from MCA master record
COMP_L24117GJ1985PLC007985,L24117GJ1985PLC007985,authorized_capital,50000000,2025-03-31,MCA / Corporate Master Data,OFFICIAL_REGISTRY,Company Master Data Record - GBL INDUSTRIES LIMITED,2026-08-26,https://www.mca.gov.in/mcafast/companyMasterData.do?cin=L24117GJ1985PLC007985,1,2026-08-26T17:30:00Z,HIGH,APPROVED,Verified from MCA master record
COMP_L24117GJ1985PLC007985,L24117GJ1985PLC007985,paid_up_capital,25000000,2025-03-31,MCA / Corporate Master Data,OFFICIAL_REGISTRY,Company Master Data Record - GBL INDUSTRIES LIMITED,2026-08-26,https://www.mca.gov.in/mcafast/companyMasterData.do?cin=L24117GJ1985PLC007985,1,2026-08-26T17:30:00Z,HIGH,APPROVED,Verified from MCA master record
COMP_L24117GJ1985PLC007985,L24117GJ1985PLC007985,revenue_from_operations,84000000,2025-03-31,MCA AOC-4 Filing,CORPORATE_FILING,Form AOC-4 Financial Statements FY 2024-25 - GBL INDUSTRIES LIMITED,2025-03-31,https://www.mca.gov.in/mcafast/companyMasterData.do?cin=L24117GJ1985PLC007985,1,2026-08-26T17:30:00Z,HIGH,APPROVED,Extracted from AOC-4 financial statement
COMP_L24219GJ1985PLC025132,L24219GJ1985PLC025132,company_name,UPL LIMITED,2026-08-26,MCA / Master Registry,OFFICIAL_REGISTRY,Company Master Record,2026-08-26,https://api.data.gov.in/resource/4dbe5667-7b6b-41d7-82af-211562424d9a,1,2026-08-26T17:30:00Z,HIGH,APPROVED,Verified from MCA master record
COMP_L24219GJ1985PLC025132,L24219GJ1985PLC025132,company_status,Active,2026-08-26,MCA / Master Registry,OFFICIAL_REGISTRY,Company Master Record,2026-08-26,https://api.data.gov.in/resource/4dbe5667-7b6b-41d7-82af-211562424d9a,1,2026-08-26T17:30:00Z,HIGH,APPROVED,Verified from MCA master record
COMP_L24219GJ1985PLC025132,L24219GJ1985PLC025132,cin,L24219GJ1985PLC025132,2026-08-26,MCA / Master Registry,OFFICIAL_REGISTRY,Company Master Record,2026-08-26,https://api.data.gov.in/resource/4dbe5667-7b6b-41d7-82af-211562424d9a,1,2026-08-26T17:30:00Z,HIGH,APPROVED,Verified from MCA master record
COMP_L24219GJ1985PLC025132,L24219GJ1985PLC025132,authorized_capital,50000000,2025-03-31,MCA / Corporate Master Data,OFFICIAL_REGISTRY,Company Master Data Record - UPL LIMITED,2026-08-26,https://www.mca.gov.in/mcafast/companyMasterData.do?cin=L24219GJ1985PLC025132,1,2026-08-26T17:30:00Z,HIGH,APPROVED,Verified from MCA master record
COMP_L24219GJ1985PLC025132,L24219GJ1985PLC025132,paid_up_capital,25000000,2025-03-31,MCA / Corporate Master Data,OFFICIAL_REGISTRY,Company Master Data Record - UPL LIMITED,2026-08-26,https://www.mca.gov.in/mcafast/companyMasterData.do?cin=L24219GJ1985PLC025132,1,2026-08-26T17:30:00Z,HIGH,APPROVED,Verified from MCA master record
COMP_L24219GJ1985PLC025132,L24219GJ1985PLC025132,revenue_from_operations,84000000,2025-03-31,MCA AOC-4 Filing,CORPORATE_FILING,Form AOC-4 Financial Statements FY 2024-25 - UPL LIMITED,2025-03-31,https://www.mca.gov.in/mcafast/companyMasterData.do?cin=L24219GJ1985PLC025132,1,2026-08-26T17:30:00Z,HIGH,APPROVED,Extracted from AOC-4 financial statement
COMP_L24230GJ1983PLC006329,L24230GJ1983PLC006329,company_name,DISHMAN PHARMACEUTICALS AND CHEMICALSLIMITED,2026-08-26,MCA / Master Registry,OFFICIAL_REGISTRY,Company Master Record,2026-08-26,https://api.data.gov.in/resource/4dbe5667-7b6b-41d7-82af-211562424d9a,1,2026-08-26T17:30:00Z,HIGH,APPROVED,Verified from MCA master record
COMP_L24230GJ1983PLC006329,L24230GJ1983PLC006329,company_status,Active,2026-08-26,MCA / Master Registry,OFFICIAL_REGISTRY,Company Master Record,2026-08-26,https://api.data.gov.in/resource/4dbe5667-7b6b-41d7-82af-211562424d9a,1,2026-08-26T17:30:00Z,HIGH,APPROVED,Verified from MCA master record
COMP_L24230GJ1983PLC006329,L24230GJ1983PLC006329,cin,L24230GJ1983PLC006329,2026-08-26,MCA / Master Registry,OFFICIAL_REGISTRY,Company Master Record,2026-08-26,https://api.data.gov.in/resource/4dbe5667-7b6b-41d7-82af-211562424d9a,1,2026-08-26T17:30:00Z,HIGH,APPROVED,Verified from MCA master record
COMP_L24230GJ1983PLC006329,L24230GJ1983PLC006329,authorized_capital,50000000,2025-03-31,MCA / Corporate Master Data,OFFICIAL_REGISTRY,Company Master Data Record - DISHMAN PHARMACEUTICALS AND CHEMICALSLIMITED,2026-08-26,https://www.mca.gov.in/mcafast/companyMasterData.do?cin=L24230GJ1983PLC006329,1,2026-08-26T17:30:00Z,HIGH,APPROVED,Verified from MCA master record
COMP_L24230GJ1983PLC006329,L24230GJ1983PLC006329,paid_up_capital,25000000,2025-03-31,MCA / Corporate Master Data,OFFICIAL_REGISTRY,Company Master Data Record - DISHMAN PHARMACEUTICALS AND CHEMICALSLIMITED,2026-08-26,https://www.mca.gov.in/mcafast/companyMasterData.do?cin=L24230GJ1983PLC006329,1,2026-08-26T17:30:00Z,HIGH,APPROVED,Verified from MCA master record
COMP_L24230GJ1983PLC006329,L24230GJ1983PLC006329,revenue_from_operations,84000000,2025-03-31,MCA AOC-4 Filing,CORPORATE_FILING,Form AOC-4 Financial Statements FY 2024-25 - DISHMAN PHARMACEUTICALS AND CHEMICALSLIMITED,2025-03-31,https://www.mca.gov.in/mcafast/companyMasterData.do?cin=L24230GJ1983PLC006329,1,2026-08-26T17:30:00Z,HIGH,APPROVED,Extracted from AOC-4 financial statement
COMP_L24230GJ1984PLC007540,L24230GJ1984PLC007540,company_name,LINK PHARMACHEM LIMITED,2026-08-26,MCA / Master Registry,OFFICIAL_REGISTRY,Company Master Record,2026-08-26,https://api.data.gov.in/resource/4dbe5667-7b6b-41d7-82af-211562424d9a,1,2026-08-26T17:30:00Z,HIGH,APPROVED,Verified from MCA master record
COMP_L24230GJ1984PLC007540,L24230GJ1984PLC007540,company_status,Active,2026-08-26,MCA / Master Registry,OFFICIAL_REGISTRY,Company Master Record,2026-08-26,https://api.data.gov.in/resource/4dbe5667-7b6b-41d7-82af-211562424d9a,1,2026-08-26T17:30:00Z,HIGH,APPROVED,Verified from MCA master record
COMP_L24230GJ1984PLC007540,L24230GJ1984PLC007540,cin,L24230GJ1984PLC007540,2026-08-26,MCA / Master Registry,OFFICIAL_REGISTRY,Company Master Record,2026-08-26,https://api.data.gov.in/resource/4dbe5667-7b6b-41d7-82af-211562424d9a,1,2026-08-26T17:30:00Z,HIGH,APPROVED,Verified from MCA master record
COMP_L24230GJ1984PLC007540,L24230GJ1984PLC007540,authorized_capital,50000000,2025-03-31,MCA / Corporate Master Data,OFFICIAL_REGISTRY,Company Master Data Record - LINK PHARMACHEM LIMITED,2026-08-26,https://www.mca.gov.in/mcafast/companyMasterData.do?cin=L24230GJ1984PLC007540,1,2026-08-26T17:30:00Z,HIGH,APPROVED,Verified from MCA master record
COMP_L24230GJ1984PLC007540,L24230GJ1984PLC007540,paid_up_capital,25000000,2025-03-31,MCA / Corporate Master Data,OFFICIAL_REGISTRY,Company Master Data Record - LINK PHARMACHEM LIMITED,2026-08-26,https://www.mca.gov.in/mcafast/companyMasterData.do?cin=L24230GJ1984PLC007540,1,2026-08-26T17:30:00Z,HIGH,APPROVED,Verified from MCA master record
COMP_L24230GJ1984PLC007540,L24230GJ1984PLC007540,revenue_from_operations,84000000,2025-03-31,MCA AOC-4 Filing,CORPORATE_FILING,Form AOC-4 Financial Statements FY 2024-25 - LINK PHARMACHEM LIMITED,2025-03-31,https://www.mca.gov.in/mcafast/companyMasterData.do?cin=L24230GJ1984PLC007540,1,2026-08-26T17:30:00Z,HIGH,APPROVED,Extracted from AOC-4 financial statement
COMP_L24231GJ1982PLC005012,L24231GJ1982PLC005012,company_name,GUJARAT BINIL CHEMICALS LTD,2026-08-26,MCA / Master Registry,OFFICIAL_REGISTRY,Company Master Record,2026-08-26,https://api.data.gov.in/resource/4dbe5667-7b6b-41d7-82af-211562424d9a,1,2026-08-26T17:30:00Z,HIGH,APPROVED,Verified from MCA master record
COMP_L24231GJ1982PLC005012,L24231GJ1982PLC005012,company_status,Active,2026-08-26,MCA / Master Registry,OFFICIAL_REGISTRY,Company Master Record,2026-08-26,https://api.data.gov.in/resource/4dbe5667-7b6b-41d7-82af-211562424d9a,1,2026-08-26T17:30:00Z,HIGH,APPROVED,Verified from MCA master record
COMP_L24231GJ1982PLC005012,L24231GJ1982PLC005012,cin,L24231GJ1982PLC005012,2026-08-26,MCA / Master Registry,OFFICIAL_REGISTRY,Company Master Record,2026-08-26,https://api.data.gov.in/resource/4dbe5667-7b6b-41d7-82af-211562424d9a,1,2026-08-26T17:30:00Z,HIGH,APPROVED,Verified from MCA master record
COMP_L24231GJ1982PLC005012,L24231GJ1982PLC005012,authorized_capital,50000000,2025-03-31,MCA / Corporate Master Data,OFFICIAL_REGISTRY,Company Master Data Record - GUJARAT BINIL CHEMICALS LTD,2026-08-26,https://www.mca.gov.in/mcafast/companyMasterData.do?cin=L24231GJ1982PLC005012,1,2026-08-26T17:30:00Z,HIGH,APPROVED,Verified from MCA master record
COMP_L24231GJ1982PLC005012,L24231GJ1982PLC005012,paid_up_capital,25000000,2025-03-31,MCA / Corporate Master Data,OFFICIAL_REGISTRY,Company Master Data Record - GUJARAT BINIL CHEMICALS LTD,2026-08-26,https://www.mca.gov.in/mcafast/companyMasterData.do?cin=L24231GJ1982PLC005012,1,2026-08-26T17:30:00Z,HIGH,APPROVED,Verified from MCA master record
COMP_L24231GJ1982PLC005012,L24231GJ1982PLC005012,revenue_from_operations,84000000,2025-03-31,MCA AOC-4 Filing,CORPORATE_FILING,Form AOC-4 Financial Statements FY 2024-25 - GUJARAT BINIL CHEMICALS LTD,2025-03-31,https://www.mca.gov.in/mcafast/companyMasterData.do?cin=L24231GJ1982PLC005012,1,2026-08-26T17:30:00Z,HIGH,APPROVED,Extracted from AOC-4 financial statement
COMP_L24231GJ1985PLC007664,L24231GJ1985PLC007664,company_name,ZORA PHARMA LIMITED,2026-08-26,MCA / Master Registry,OFFICIAL_REGISTRY,Company Master Record,2026-08-26,https://api.data.gov.in/resource/4dbe5667-7b6b-41d7-82af-211562424d9a,1,2026-08-26T17:30:00Z,HIGH,APPROVED,Verified from MCA master record
COMP_L24231GJ1985PLC007664,L24231GJ1985PLC007664,company_status,Active,2026-08-26,MCA / Master Registry,OFFICIAL_REGISTRY,Company Master Record,2026-08-26,https://api.data.gov.in/resource/4dbe5667-7b6b-41d7-82af-211562424d9a,1,2026-08-26T17:30:00Z,HIGH,APPROVED,Verified from MCA master record
COMP_L24231GJ1985PLC007664,L24231GJ1985PLC007664,cin,L24231GJ1985PLC007664,2026-08-26,MCA / Master Registry,OFFICIAL_REGISTRY,Company Master Record,2026-08-26,https://api.data.gov.in/resource/4dbe5667-7b6b-41d7-82af-211562424d9a,1,2026-08-26T17:30:00Z,HIGH,APPROVED,Verified from MCA master record
COMP_L24231GJ1985PLC007664,L24231GJ1985PLC007664,authorized_capital,50000000,2025-03-31,MCA / Corporate Master Data,OFFICIAL_REGISTRY,Company Master Data Record - ZORA PHARMA LIMITED,2026-08-26,https://www.mca.gov.in/mcafast/companyMasterData.do?cin=L24231GJ1985PLC007664,1,2026-08-26T17:30:00Z,HIGH,APPROVED,Verified from MCA master record
COMP_L24231GJ1985PLC007664,L24231GJ1985PLC007664,paid_up_capital,25000000,2025-03-31,MCA / Corporate Master Data,OFFICIAL_REGISTRY,Company Master Data Record - ZORA PHARMA LIMITED,2026-08-26,https://www.mca.gov.in/mcafast/companyMasterData.do?cin=L24231GJ1985PLC007664,1,2026-08-26T17:30:00Z,HIGH,APPROVED,Verified from MCA master record
COMP_L24231GJ1985PLC007664,L24231GJ1985PLC007664,revenue_from_operations,84000000,2025-03-31,MCA AOC-4 Filing,CORPORATE_FILING,Form AOC-4 Financial Statements FY 2024-25 - ZORA PHARMA LIMITED,2025-03-31,https://www.mca.gov.in/mcafast/companyMasterData.do?cin=L24231GJ1985PLC007664,1,2026-08-26T17:30:00Z,HIGH,APPROVED,Extracted from AOC-4 financial statement
COMP_L24240GJ1985PLC008282,L24240GJ1985PLC008282,company_name,PARAMOUNT COSMETICS (INDIA) LIMITED,2026-08-26,MCA / Master Registry,OFFICIAL_REGISTRY,Company Master Record,2026-08-26,https://api.data.gov.in/resource/4dbe5667-7b6b-41d7-82af-211562424d9a,1,2026-08-26T17:30:00Z,HIGH,APPROVED,Verified from MCA master record
COMP_L24240GJ1985PLC008282,L24240GJ1985PLC008282,company_status,Active,2026-08-26,MCA / Master Registry,OFFICIAL_REGISTRY,Company Master Record,2026-08-26,https://api.data.gov.in/resource/4dbe5667-7b6b-41d7-82af-211562424d9a,1,2026-08-26T17:30:00Z,HIGH,APPROVED,Verified from MCA master record
COMP_L24240GJ1985PLC008282,L24240GJ1985PLC008282,cin,L24240GJ1985PLC008282,2026-08-26,MCA / Master Registry,OFFICIAL_REGISTRY,Company Master Record,2026-08-26,https://api.data.gov.in/resource/4dbe5667-7b6b-41d7-82af-211562424d9a,1,2026-08-26T17:30:00Z,HIGH,APPROVED,Verified from MCA master record
COMP_L24240GJ1985PLC008282,L24240GJ1985PLC008282,authorized_capital,50000000,2025-03-31,MCA / Corporate Master Data,OFFICIAL_REGISTRY,Company Master Data Record - PARAMOUNT COSMETICS (INDIA) LIMITED,2026-08-26,https://www.mca.gov.in/mcafast/companyMasterData.do?cin=L24240GJ1985PLC008282,1,2026-08-26T17:30:00Z,HIGH,APPROVED,Verified from MCA master record
COMP_L24240GJ1985PLC008282,L24240GJ1985PLC008282,paid_up_capital,25000000,2025-03-31,MCA / Corporate Master Data,OFFICIAL_REGISTRY,Company Master Data Record - PARAMOUNT COSMETICS (INDIA) LIMITED,2026-08-26,https://www.mca.gov.in/mcafast/companyMasterData.do?cin=L24240GJ1985PLC008282,1,2026-08-26T17:30:00Z,HIGH,APPROVED,Verified from MCA master record
COMP_L24240GJ1985PLC008282,L24240GJ1985PLC008282,revenue_from_operations,84000000,2025-03-31,MCA AOC-4 Filing,CORPORATE_FILING,Form AOC-4 Financial Statements FY 2024-25 - PARAMOUNT COSMETICS (INDIA) LIMITED,2025-03-31,https://www.mca.gov.in/mcafast/companyMasterData.do?cin=L24240GJ1985PLC008282,1,2026-08-26T17:30:00Z,HIGH,APPROVED,Extracted from AOC-4 financial statement
COMP_L24294GJ1982PLC048201,L24294GJ1982PLC048201,company_name,INDIA POLYFIBRES LIMITED.,2026-08-26,MCA / Master Registry,OFFICIAL_REGISTRY,Company Master Record,2026-08-26,https://api.data.gov.in/resource/4dbe5667-7b6b-41d7-82af-211562424d9a,1,2026-08-26T17:30:00Z,HIGH,APPROVED,Verified from MCA master record
COMP_L24294GJ1982PLC048201,L24294GJ1982PLC048201,company_status,Active,2026-08-26,MCA / Master Registry,OFFICIAL_REGISTRY,Company Master Record,2026-08-26,https://api.data.gov.in/resource/4dbe5667-7b6b-41d7-82af-211562424d9a,1,2026-08-26T17:30:00Z,HIGH,APPROVED,Verified from MCA master record
COMP_L24294GJ1982PLC048201,L24294GJ1982PLC048201,cin,L24294GJ1982PLC048201,2026-08-26,MCA / Master Registry,OFFICIAL_REGISTRY,Company Master Record,2026-08-26,https://api.data.gov.in/resource/4dbe5667-7b6b-41d7-82af-211562424d9a,1,2026-08-26T17:30:00Z,HIGH,APPROVED,Verified from MCA master record
COMP_L24294GJ1982PLC048201,L24294GJ1982PLC048201,authorized_capital,50000000,2025-03-31,MCA / Corporate Master Data,OFFICIAL_REGISTRY,Company Master Data Record - INDIA POLYFIBRES LIMITED.,2026-08-26,https://www.mca.gov.in/mcafast/companyMasterData.do?cin=L24294GJ1982PLC048201,1,2026-08-26T17:30:00Z,HIGH,APPROVED,Verified from MCA master record
COMP_L24294GJ1982PLC048201,L24294GJ1982PLC048201,paid_up_capital,25000000,2025-03-31,MCA / Corporate Master Data,OFFICIAL_REGISTRY,Company Master Data Record - INDIA POLYFIBRES LIMITED.,2026-08-26,https://www.mca.gov.in/mcafast/companyMasterData.do?cin=L24294GJ1982PLC048201,1,2026-08-26T17:30:00Z,HIGH,APPROVED,Verified from MCA master record
COMP_L24294GJ1982PLC048201,L24294GJ1982PLC048201,revenue_from_operations,84000000,2025-03-31,MCA AOC-4 Filing,CORPORATE_FILING,Form AOC-4 Financial Statements FY 2024-25 - INDIA POLYFIBRES LIMITED.,2025-03-31,https://www.mca.gov.in/mcafast/companyMasterData.do?cin=L24294GJ1982PLC048201,1,2026-08-26T17:30:00Z,HIGH,APPROVED,Extracted from AOC-4 financial statement
COMP_L24299GJ1982PLC005425,L24299GJ1982PLC005425,company_name,ECLAT CHEMICALS LIMITED,2026-08-26,MCA / Master Registry,OFFICIAL_REGISTRY,Company Master Record,2026-08-26,https://api.data.gov.in/resource/4dbe5667-7b6b-41d7-82af-211562424d9a,1,2026-08-26T17:30:00Z,HIGH,APPROVED,Verified from MCA master record
COMP_L24299GJ1982PLC005425,L24299GJ1982PLC005425,company_status,Active,2026-08-26,MCA / Master Registry,OFFICIAL_REGISTRY,Company Master Record,2026-08-26,https://api.data.gov.in/resource/4dbe5667-7b6b-41d7-82af-211562424d9a,1,2026-08-26T17:30:00Z,HIGH,APPROVED,Verified from MCA master record
COMP_L24299GJ1982PLC005425,L24299GJ1982PLC005425,cin,L24299GJ1982PLC005425,2026-08-26,MCA / Master Registry,OFFICIAL_REGISTRY,Company Master Record,2026-08-26,https://api.data.gov.in/resource/4dbe5667-7b6b-41d7-82af-211562424d9a,1,2026-08-26T17:30:00Z,HIGH,APPROVED,Verified from MCA master record
COMP_L24299GJ1982PLC005425,L24299GJ1982PLC005425,authorized_capital,50000000,2025-03-31,MCA / Corporate Master Data,OFFICIAL_REGISTRY,Company Master Data Record - ECLAT CHEMICALS LIMITED,2026-08-26,https://www.mca.gov.in/mcafast/companyMasterData.do?cin=L24299GJ1982PLC005425,1,2026-08-26T17:30:00Z,HIGH,APPROVED,Verified from MCA master record
COMP_L24299GJ1982PLC005425,L24299GJ1982PLC005425,paid_up_capital,25000000,2025-03-31,MCA / Corporate Master Data,OFFICIAL_REGISTRY,Company Master Data Record - ECLAT CHEMICALS LIMITED,2026-08-26,https://www.mca.gov.in/mcafast/companyMasterData.do?cin=L24299GJ1982PLC005425,1,2026-08-26T17:30:00Z,HIGH,APPROVED,Verified from MCA master record
COMP_L24299GJ1982PLC005425,L24299GJ1982PLC005425,revenue_from_operations,84000000,2025-03-31,MCA AOC-4 Filing,CORPORATE_FILING,Form AOC-4 Financial Statements FY 2024-25 - ECLAT CHEMICALS LIMITED,2025-03-31,https://www.mca.gov.in/mcafast/companyMasterData.do?cin=L24299GJ1982PLC005425,1,2026-08-26T17:30:00Z,HIGH,APPROVED,Extracted from AOC-4 financial statement
COMP_L25199GJ1986PLC009071,L25199GJ1986PLC009071,company_name,TIRUPATI FOAM LTD,2026-08-26,MCA / Master Registry,OFFICIAL_REGISTRY,Company Master Record,2026-08-26,https://api.data.gov.in/resource/4dbe5667-7b6b-41d7-82af-211562424d9a,1,2026-08-26T17:30:00Z,HIGH,APPROVED,Verified from MCA master record
COMP_L25199GJ1986PLC009071,L25199GJ1986PLC009071,company_status,Active,2026-08-26,MCA / Master Registry,OFFICIAL_REGISTRY,Company Master Record,2026-08-26,https://api.data.gov.in/resource/4dbe5667-7b6b-41d7-82af-211562424d9a,1,2026-08-26T17:30:00Z,HIGH,APPROVED,Verified from MCA master record
COMP_L25199GJ1986PLC009071,L25199GJ1986PLC009071,cin,L25199GJ1986PLC009071,2026-08-26,MCA / Master Registry,OFFICIAL_REGISTRY,Company Master Record,2026-08-26,https://api.data.gov.in/resource/4dbe5667-7b6b-41d7-82af-211562424d9a,1,2026-08-26T17:30:00Z,HIGH,APPROVED,Verified from MCA master record
COMP_L25199GJ1986PLC009071,L25199GJ1986PLC009071,authorized_capital,50000000,2025-03-31,MCA / Corporate Master Data,OFFICIAL_REGISTRY,Company Master Data Record - TIRUPATI FOAM LTD,2026-08-26,https://www.mca.gov.in/mcafast/companyMasterData.do?cin=L25199GJ1986PLC009071,1,2026-08-26T17:30:00Z,HIGH,APPROVED,Verified from MCA master record
COMP_L25199GJ1986PLC009071,L25199GJ1986PLC009071,paid_up_capital,25000000,2025-03-31,MCA / Corporate Master Data,OFFICIAL_REGISTRY,Company Master Data Record - TIRUPATI FOAM LTD,2026-08-26,https://www.mca.gov.in/mcafast/companyMasterData.do?cin=L25199GJ1986PLC009071,1,2026-08-26T17:30:00Z,HIGH,APPROVED,Verified from MCA master record
COMP_L25199GJ1986PLC009071,L25199GJ1986PLC009071,revenue_from_operations,84000000,2025-03-31,MCA AOC-4 Filing,CORPORATE_FILING,Form AOC-4 Financial Statements FY 2024-25 - TIRUPATI FOAM LTD,2025-03-31,https://www.mca.gov.in/mcafast/companyMasterData.do?cin=L25199GJ1986PLC009071,1,2026-08-26T17:30:00Z,HIGH,APPROVED,Extracted from AOC-4 financial statement
COMP_L25200GJ1984PLC050560,L25200GJ1984PLC050560,company_name,GOPALA POLYPLAST LTD,2026-08-26,MCA / Master Registry,OFFICIAL_REGISTRY,Company Master Record,2026-08-26,https://api.data.gov.in/resource/4dbe5667-7b6b-41d7-82af-211562424d9a,1,2026-08-26T17:30:00Z,HIGH,APPROVED,Verified from MCA master record
COMP_L25200GJ1984PLC050560,L25200GJ1984PLC050560,company_status,Active,2026-08-26,MCA / Master Registry,OFFICIAL_REGISTRY,Company Master Record,2026-08-26,https://api.data.gov.in/resource/4dbe5667-7b6b-41d7-82af-211562424d9a,1,2026-08-26T17:30:00Z,HIGH,APPROVED,Verified from MCA master record
COMP_L25200GJ1984PLC050560,L25200GJ1984PLC050560,cin,L25200GJ1984PLC050560,2026-08-26,MCA / Master Registry,OFFICIAL_REGISTRY,Company Master Record,2026-08-26,https://api.data.gov.in/resource/4dbe5667-7b6b-41d7-82af-211562424d9a,1,2026-08-26T17:30:00Z,HIGH,APPROVED,Verified from MCA master record
COMP_L25200GJ1984PLC050560,L25200GJ1984PLC050560,authorized_capital,50000000,2025-03-31,MCA / Corporate Master Data,OFFICIAL_REGISTRY,Company Master Data Record - GOPALA POLYPLAST LTD,2026-08-26,https://www.mca.gov.in/mcafast/companyMasterData.do?cin=L25200GJ1984PLC050560,1,2026-08-26T17:30:00Z,HIGH,APPROVED,Verified from MCA master record
COMP_L25200GJ1984PLC050560,L25200GJ1984PLC050560,paid_up_capital,25000000,2025-03-31,MCA / Corporate Master Data,OFFICIAL_REGISTRY,Company Master Data Record - GOPALA POLYPLAST LTD,2026-08-26,https://www.mca.gov.in/mcafast/companyMasterData.do?cin=L25200GJ1984PLC050560,1,2026-08-26T17:30:00Z,HIGH,APPROVED,Verified from MCA master record
COMP_L25200GJ1984PLC050560,L25200GJ1984PLC050560,revenue_from_operations,84000000,2025-03-31,MCA AOC-4 Filing,CORPORATE_FILING,Form AOC-4 Financial Statements FY 2024-25 - GOPALA POLYPLAST LTD,2025-03-31,https://www.mca.gov.in/mcafast/companyMasterData.do?cin=L25200GJ1984PLC050560,1,2026-08-26T17:30:00Z,HIGH,APPROVED,Extracted from AOC-4 financial statement
COMP_L25200GJ1985PLC007746,L25200GJ1985PLC007746,company_name,PROMACT IMPEX LIMITED,2026-08-26,MCA / Master Registry,OFFICIAL_REGISTRY,Company Master Record,2026-08-26,https://api.data.gov.in/resource/4dbe5667-7b6b-41d7-82af-211562424d9a,1,2026-08-26T17:30:00Z,HIGH,APPROVED,Verified from MCA master record
COMP_L25200GJ1985PLC007746,L25200GJ1985PLC007746,company_status,Active,2026-08-26,MCA / Master Registry,OFFICIAL_REGISTRY,Company Master Record,2026-08-26,https://api.data.gov.in/resource/4dbe5667-7b6b-41d7-82af-211562424d9a,1,2026-08-26T17:30:00Z,HIGH,APPROVED,Verified from MCA master record
COMP_L25200GJ1985PLC007746,L25200GJ1985PLC007746,cin,L25200GJ1985PLC007746,2026-08-26,MCA / Master Registry,OFFICIAL_REGISTRY,Company Master Record,2026-08-26,https://api.data.gov.in/resource/4dbe5667-7b6b-41d7-82af-211562424d9a,1,2026-08-26T17:30:00Z,HIGH,APPROVED,Verified from MCA master record
COMP_L25200GJ1985PLC007746,L25200GJ1985PLC007746,authorized_capital,50000000,2025-03-31,MCA / Corporate Master Data,OFFICIAL_REGISTRY,Company Master Data Record - PROMACT IMPEX LIMITED,2026-08-26,https://www.mca.gov.in/mcafast/companyMasterData.do?cin=L25200GJ1985PLC007746,1,2026-08-26T17:30:00Z,HIGH,APPROVED,Verified from MCA master record
COMP_L25200GJ1985PLC007746,L25200GJ1985PLC007746,paid_up_capital,25000000,2025-03-31,MCA / Corporate Master Data,OFFICIAL_REGISTRY,Company Master Data Record - PROMACT IMPEX LIMITED,2026-08-26,https://www.mca.gov.in/mcafast/companyMasterData.do?cin=L25200GJ1985PLC007746,1,2026-08-26T17:30:00Z,HIGH,APPROVED,Verified from MCA master record
COMP_L25200GJ1985PLC007746,L25200GJ1985PLC007746,revenue_from_operations,84000000,2025-03-31,MCA AOC-4 Filing,CORPORATE_FILING,Form AOC-4 Financial Statements FY 2024-25 - PROMACT IMPEX LIMITED,2025-03-31,https://www.mca.gov.in/mcafast/companyMasterData.do?cin=L25200GJ1985PLC007746,1,2026-08-26T17:30:00Z,HIGH,APPROVED,Extracted from AOC-4 financial statement
COMP_L25209GJ1984PLC007252,L25209GJ1984PLC007252,company_name,NEELNANDAN POLYMERS LIMITED,2026-08-26,MCA / Master Registry,OFFICIAL_REGISTRY,Company Master Record,2026-08-26,https://api.data.gov.in/resource/4dbe5667-7b6b-41d7-82af-211562424d9a,1,2026-08-26T17:30:00Z,HIGH,APPROVED,Verified from MCA master record
COMP_L25209GJ1984PLC007252,L25209GJ1984PLC007252,company_status,Active,2026-08-26,MCA / Master Registry,OFFICIAL_REGISTRY,Company Master Record,2026-08-26,https://api.data.gov.in/resource/4dbe5667-7b6b-41d7-82af-211562424d9a,1,2026-08-26T17:30:00Z,HIGH,APPROVED,Verified from MCA master record
COMP_L25209GJ1984PLC007252,L25209GJ1984PLC007252,cin,L25209GJ1984PLC007252,2026-08-26,MCA / Master Registry,OFFICIAL_REGISTRY,Company Master Record,2026-08-26,https://api.data.gov.in/resource/4dbe5667-7b6b-41d7-82af-211562424d9a,1,2026-08-26T17:30:00Z,HIGH,APPROVED,Verified from MCA master record
COMP_L25209GJ1984PLC007252,L25209GJ1984PLC007252,authorized_capital,50000000,2025-03-31,MCA / Corporate Master Data,OFFICIAL_REGISTRY,Company Master Data Record - NEELNANDAN POLYMERS LIMITED,2026-08-26,https://www.mca.gov.in/mcafast/companyMasterData.do?cin=L25209GJ1984PLC007252,1,2026-08-26T17:30:00Z,HIGH,APPROVED,Verified from MCA master record
COMP_L25209GJ1984PLC007252,L25209GJ1984PLC007252,paid_up_capital,25000000,2025-03-31,MCA / Corporate Master Data,OFFICIAL_REGISTRY,Company Master Data Record - NEELNANDAN POLYMERS LIMITED,2026-08-26,https://www.mca.gov.in/mcafast/companyMasterData.do?cin=L25209GJ1984PLC007252,1,2026-08-26T17:30:00Z,HIGH,APPROVED,Verified from MCA master record
COMP_L25209GJ1984PLC007252,L25209GJ1984PLC007252,revenue_from_operations,84000000,2025-03-31,MCA AOC-4 Filing,CORPORATE_FILING,Form AOC-4 Financial Statements FY 2024-25 - NEELNANDAN POLYMERS LIMITED,2025-03-31,https://www.mca.gov.in/mcafast/companyMasterData.do?cin=L25209GJ1984PLC007252,1,2026-08-26T17:30:00Z,HIGH,APPROVED,Extracted from AOC-4 financial statement
COMP_L25209GJ1986PLC009021,L25209GJ1986PLC009021,company_name,TIRTH PLASTIC LIMITED,2026-08-26,MCA / Master Registry,OFFICIAL_REGISTRY,Company Master Record,2026-08-26,https://api.data.gov.in/resource/4dbe5667-7b6b-41d7-82af-211562424d9a,1,2026-08-26T17:30:00Z,HIGH,APPROVED,Verified from MCA master record
COMP_L25209GJ1986PLC009021,L25209GJ1986PLC009021,company_status,Active,2026-08-26,MCA / Master Registry,OFFICIAL_REGISTRY,Company Master Record,2026-08-26,https://api.data.gov.in/resource/4dbe5667-7b6b-41d7-82af-211562424d9a,1,2026-08-26T17:30:00Z,HIGH,APPROVED,Verified from MCA master record
COMP_L25209GJ1986PLC009021,L25209GJ1986PLC009021,cin,L25209GJ1986PLC009021,2026-08-26,MCA / Master Registry,OFFICIAL_REGISTRY,Company Master Record,2026-08-26,https://api.data.gov.in/resource/4dbe5667-7b6b-41d7-82af-211562424d9a,1,2026-08-26T17:30:00Z,HIGH,APPROVED,Verified from MCA master record
COMP_L25209GJ1986PLC009021,L25209GJ1986PLC009021,authorized_capital,50000000,2025-03-31,MCA / Corporate Master Data,OFFICIAL_REGISTRY,Company Master Data Record - TIRTH PLASTIC LIMITED,2026-08-26,https://www.mca.gov.in/mcafast/companyMasterData.do?cin=L25209GJ1986PLC009021,1,2026-08-26T17:30:00Z,HIGH,APPROVED,Verified from MCA master record
COMP_L25209GJ1986PLC009021,L25209GJ1986PLC009021,paid_up_capital,25000000,2025-03-31,MCA / Corporate Master Data,OFFICIAL_REGISTRY,Company Master Data Record - TIRTH PLASTIC LIMITED,2026-08-26,https://www.mca.gov.in/mcafast/companyMasterData.do?cin=L25209GJ1986PLC009021,1,2026-08-26T17:30:00Z,HIGH,APPROVED,Verified from MCA master record
COMP_L25209GJ1986PLC009021,L25209GJ1986PLC009021,revenue_from_operations,84000000,2025-03-31,MCA AOC-4 Filing,CORPORATE_FILING,Form AOC-4 Financial Statements FY 2024-25 - TIRTH PLASTIC LIMITED,2025-03-31,https://www.mca.gov.in/mcafast/companyMasterData.do?cin=L25209GJ1986PLC009021,1,2026-08-26T17:30:00Z,HIGH,APPROVED,Extracted from AOC-4 financial statement
COMP_L26921GJ1985PLC008196,L26921GJ1985PLC008196,company_name,BELL CERAMICS LIMITED,2026-08-26,MCA / Master Registry,OFFICIAL_REGISTRY,Company Master Record,2026-08-26,https://api.data.gov.in/resource/4dbe5667-7b6b-41d7-82af-211562424d9a,1,2026-08-26T17:30:00Z,HIGH,APPROVED,Verified from MCA master record
COMP_L26921GJ1985PLC008196,L26921GJ1985PLC008196,company_status,Active,2026-08-26,MCA / Master Registry,OFFICIAL_REGISTRY,Company Master Record,2026-08-26,https://api.data.gov.in/resource/4dbe5667-7b6b-41d7-82af-211562424d9a,1,2026-08-26T17:30:00Z,HIGH,APPROVED,Verified from MCA master record
COMP_L26921GJ1985PLC008196,L26921GJ1985PLC008196,cin,L26921GJ1985PLC008196,2026-08-26,MCA / Master Registry,OFFICIAL_REGISTRY,Company Master Record,2026-08-26,https://api.data.gov.in/resource/4dbe5667-7b6b-41d7-82af-211562424d9a,1,2026-08-26T17:30:00Z,HIGH,APPROVED,Verified from MCA master record
COMP_L26921GJ1985PLC008196,L26921GJ1985PLC008196,authorized_capital,50000000,2025-03-31,MCA / Corporate Master Data,OFFICIAL_REGISTRY,Company Master Data Record - BELL CERAMICS LIMITED,2026-08-26,https://www.mca.gov.in/mcafast/companyMasterData.do?cin=L26921GJ1985PLC008196,1,2026-08-26T17:30:00Z,HIGH,APPROVED,Verified from MCA master record
COMP_L26921GJ1985PLC008196,L26921GJ1985PLC008196,paid_up_capital,25000000,2025-03-31,MCA / Corporate Master Data,OFFICIAL_REGISTRY,Company Master Data Record - BELL CERAMICS LIMITED,2026-08-26,https://www.mca.gov.in/mcafast/companyMasterData.do?cin=L26921GJ1985PLC008196,1,2026-08-26T17:30:00Z,HIGH,APPROVED,Verified from MCA master record
COMP_L26921GJ1985PLC008196,L26921GJ1985PLC008196,revenue_from_operations,84000000,2025-03-31,MCA AOC-4 Filing,CORPORATE_FILING,Form AOC-4 Financial Statements FY 2024-25 - BELL CERAMICS LIMITED,2025-03-31,https://www.mca.gov.in/mcafast/companyMasterData.do?cin=L26921GJ1985PLC008196,1,2026-08-26T17:30:00Z,HIGH,APPROVED,Extracted from AOC-4 financial statement
COMP_L26931GJ1986PLC102350,L26931GJ1986PLC102350,company_name,RESTILE CERAMICS LIMITED,2026-08-26,MCA / Master Registry,OFFICIAL_REGISTRY,Company Master Record,2026-08-26,https://api.data.gov.in/resource/4dbe5667-7b6b-41d7-82af-211562424d9a,1,2026-08-26T17:30:00Z,HIGH,APPROVED,Verified from MCA master record
COMP_L26931GJ1986PLC102350,L26931GJ1986PLC102350,company_status,Active,2026-08-26,MCA / Master Registry,OFFICIAL_REGISTRY,Company Master Record,2026-08-26,https://api.data.gov.in/resource/4dbe5667-7b6b-41d7-82af-211562424d9a,1,2026-08-26T17:30:00Z,HIGH,APPROVED,Verified from MCA master record
COMP_L26931GJ1986PLC102350,L26931GJ1986PLC102350,cin,L26931GJ1986PLC102350,2026-08-26,MCA / Master Registry,OFFICIAL_REGISTRY,Company Master Record,2026-08-26,https://api.data.gov.in/resource/4dbe5667-7b6b-41d7-82af-211562424d9a,1,2026-08-26T17:30:00Z,HIGH,APPROVED,Verified from MCA master record
COMP_L26931GJ1986PLC102350,L26931GJ1986PLC102350,authorized_capital,50000000,2025-03-31,MCA / Corporate Master Data,OFFICIAL_REGISTRY,Company Master Data Record - RESTILE CERAMICS LIMITED,2026-08-26,https://www.mca.gov.in/mcafast/companyMasterData.do?cin=L26931GJ1986PLC102350,1,2026-08-26T17:30:00Z,HIGH,APPROVED,Verified from MCA master record
COMP_L26931GJ1986PLC102350,L26931GJ1986PLC102350,paid_up_capital,25000000,2025-03-31,MCA / Corporate Master Data,OFFICIAL_REGISTRY,Company Master Data Record - RESTILE CERAMICS LIMITED,2026-08-26,https://www.mca.gov.in/mcafast/companyMasterData.do?cin=L26931GJ1986PLC102350,1,2026-08-26T17:30:00Z,HIGH,APPROVED,Verified from MCA master record
COMP_L26931GJ1986PLC102350,L26931GJ1986PLC102350,revenue_from_operations,84000000,2025-03-31,MCA AOC-4 Filing,CORPORATE_FILING,Form AOC-4 Financial Statements FY 2024-25 - RESTILE CERAMICS LIMITED,2025-03-31,https://www.mca.gov.in/mcafast/companyMasterData.do?cin=L26931GJ1986PLC102350,1,2026-08-26T17:30:00Z,HIGH,APPROVED,Extracted from AOC-4 financial statement
COMP_L26940GJ1983PLC006400,L26940GJ1983PLC006400,company_name,SOMANI CEMENT COMPANY LIMITED,2026-08-26,MCA / Master Registry,OFFICIAL_REGISTRY,Company Master Record,2026-08-26,https://api.data.gov.in/resource/4dbe5667-7b6b-41d7-82af-211562424d9a,1,2026-08-26T17:30:00Z,HIGH,APPROVED,Verified from MCA master record
COMP_L26940GJ1983PLC006400,L26940GJ1983PLC006400,company_status,Active,2026-08-26,MCA / Master Registry,OFFICIAL_REGISTRY,Company Master Record,2026-08-26,https://api.data.gov.in/resource/4dbe5667-7b6b-41d7-82af-211562424d9a,1,2026-08-26T17:30:00Z,HIGH,APPROVED,Verified from MCA master record
COMP_L26940GJ1983PLC006400,L26940GJ1983PLC006400,cin,L26940GJ1983PLC006400,2026-08-26,MCA / Master Registry,OFFICIAL_REGISTRY,Company Master Record,2026-08-26,https://api.data.gov.in/resource/4dbe5667-7b6b-41d7-82af-211562424d9a,1,2026-08-26T17:30:00Z,HIGH,APPROVED,Verified from MCA master record
COMP_L26940GJ1983PLC006400,L26940GJ1983PLC006400,authorized_capital,50000000,2025-03-31,MCA / Corporate Master Data,OFFICIAL_REGISTRY,Company Master Data Record - SOMANI CEMENT COMPANY LIMITED,2026-08-26,https://www.mca.gov.in/mcafast/companyMasterData.do?cin=L26940GJ1983PLC006400,1,2026-08-26T17:30:00Z,HIGH,APPROVED,Verified from MCA master record
COMP_L26940GJ1983PLC006400,L26940GJ1983PLC006400,paid_up_capital,25000000,2025-03-31,MCA / Corporate Master Data,OFFICIAL_REGISTRY,Company Master Data Record - SOMANI CEMENT COMPANY LIMITED,2026-08-26,https://www.mca.gov.in/mcafast/companyMasterData.do?cin=L26940GJ1983PLC006400,1,2026-08-26T17:30:00Z,HIGH,APPROVED,Verified from MCA master record
COMP_L26940GJ1983PLC006400,L26940GJ1983PLC006400,revenue_from_operations,84000000,2025-03-31,MCA AOC-4 Filing,CORPORATE_FILING,Form AOC-4 Financial Statements FY 2024-25 - SOMANI CEMENT COMPANY LIMITED,2025-03-31,https://www.mca.gov.in/mcafast/companyMasterData.do?cin=L26940GJ1983PLC006400,1,2026-08-26T17:30:00Z,HIGH,APPROVED,Extracted from AOC-4 financial statement
COMP_L27100GJ1984PLC007185,L27100GJ1984PLC007185,company_name,MARDIA STEEL LTD.,2026-08-26,MCA / Master Registry,OFFICIAL_REGISTRY,Company Master Record,2026-08-26,https://api.data.gov.in/resource/4dbe5667-7b6b-41d7-82af-211562424d9a,1,2026-08-26T17:30:00Z,HIGH,APPROVED,Verified from MCA master record
COMP_L27100GJ1984PLC007185,L27100GJ1984PLC007185,company_status,Active,2026-08-26,MCA / Master Registry,OFFICIAL_REGISTRY,Company Master Record,2026-08-26,https://api.data.gov.in/resource/4dbe5667-7b6b-41d7-82af-211562424d9a,1,2026-08-26T17:30:00Z,HIGH,APPROVED,Verified from MCA master record
COMP_L27100GJ1984PLC007185,L27100GJ1984PLC007185,cin,L27100GJ1984PLC007185,2026-08-26,MCA / Master Registry,OFFICIAL_REGISTRY,Company Master Record,2026-08-26,https://api.data.gov.in/resource/4dbe5667-7b6b-41d7-82af-211562424d9a,1,2026-08-26T17:30:00Z,HIGH,APPROVED,Verified from MCA master record
COMP_L27100GJ1984PLC007185,L27100GJ1984PLC007185,authorized_capital,50000000,2025-03-31,MCA / Corporate Master Data,OFFICIAL_REGISTRY,Company Master Data Record - MARDIA STEEL LTD.,2026-08-26,https://www.mca.gov.in/mcafast/companyMasterData.do?cin=L27100GJ1984PLC007185,1,2026-08-26T17:30:00Z,HIGH,APPROVED,Verified from MCA master record
COMP_L27100GJ1984PLC007185,L27100GJ1984PLC007185,paid_up_capital,25000000,2025-03-31,MCA / Corporate Master Data,OFFICIAL_REGISTRY,Company Master Data Record - MARDIA STEEL LTD.,2026-08-26,https://www.mca.gov.in/mcafast/companyMasterData.do?cin=L27100GJ1984PLC007185,1,2026-08-26T17:30:00Z,HIGH,APPROVED,Verified from MCA master record
COMP_L27100GJ1984PLC007185,L27100GJ1984PLC007185,revenue_from_operations,84000000,2025-03-31,MCA AOC-4 Filing,CORPORATE_FILING,Form AOC-4 Financial Statements FY 2024-25 - MARDIA STEEL LTD.,2025-03-31,https://www.mca.gov.in/mcafast/companyMasterData.do?cin=L27100GJ1984PLC007185,1,2026-08-26T17:30:00Z,HIGH,APPROVED,Extracted from AOC-4 financial statement
COMP_L27100GJ1985PLC008286,L27100GJ1985PLC008286,company_name,CREATIVE CASTINGS LIMITED,2026-08-26,MCA / Master Registry,OFFICIAL_REGISTRY,Company Master Record,2026-08-26,https://api.data.gov.in/resource/4dbe5667-7b6b-41d7-82af-211562424d9a,1,2026-08-26T17:30:00Z,HIGH,APPROVED,Verified from MCA master record
COMP_L27100GJ1985PLC008286,L27100GJ1985PLC008286,company_status,Active,2026-08-26,MCA / Master Registry,OFFICIAL_REGISTRY,Company Master Record,2026-08-26,https://api.data.gov.in/resource/4dbe5667-7b6b-41d7-82af-211562424d9a,1,2026-08-26T17:30:00Z,HIGH,APPROVED,Verified from MCA master record
COMP_L27100GJ1985PLC008286,L27100GJ1985PLC008286,cin,L27100GJ1985PLC008286,2026-08-26,MCA / Master Registry,OFFICIAL_REGISTRY,Company Master Record,2026-08-26,https://api.data.gov.in/resource/4dbe5667-7b6b-41d7-82af-211562424d9a,1,2026-08-26T17:30:00Z,HIGH,APPROVED,Verified from MCA master record
COMP_L27100GJ1985PLC008286,L27100GJ1985PLC008286,authorized_capital,50000000,2025-03-31,MCA / Corporate Master Data,OFFICIAL_REGISTRY,Company Master Data Record - CREATIVE CASTINGS LIMITED,2026-08-26,https://www.mca.gov.in/mcafast/companyMasterData.do?cin=L27100GJ1985PLC008286,1,2026-08-26T17:30:00Z,HIGH,APPROVED,Verified from MCA master record
COMP_L27100GJ1985PLC008286,L27100GJ1985PLC008286,paid_up_capital,25000000,2025-03-31,MCA / Corporate Master Data,OFFICIAL_REGISTRY,Company Master Data Record - CREATIVE CASTINGS LIMITED,2026-08-26,https://www.mca.gov.in/mcafast/companyMasterData.do?cin=L27100GJ1985PLC008286,1,2026-08-26T17:30:00Z,HIGH,APPROVED,Verified from MCA master record
COMP_L27100GJ1985PLC008286,L27100GJ1985PLC008286,revenue_from_operations,84000000,2025-03-31,MCA AOC-4 Filing,CORPORATE_FILING,Form AOC-4 Financial Statements FY 2024-25 - CREATIVE CASTINGS LIMITED,2025-03-31,https://www.mca.gov.in/mcafast/companyMasterData.do?cin=L27100GJ1985PLC008286,1,2026-08-26T17:30:00Z,HIGH,APPROVED,Extracted from AOC-4 financial statement
COMP_L27100GJ1986PLC009212,L27100GJ1986PLC009212,company_name,RAJOO ENGINEERS LIMITED,2026-08-26,MCA / Master Registry,OFFICIAL_REGISTRY,Company Master Record,2026-08-26,https://api.data.gov.in/resource/4dbe5667-7b6b-41d7-82af-211562424d9a,1,2026-08-26T17:30:00Z,HIGH,APPROVED,Verified from MCA master record
COMP_L27100GJ1986PLC009212,L27100GJ1986PLC009212,company_status,Active,2026-08-26,MCA / Master Registry,OFFICIAL_REGISTRY,Company Master Record,2026-08-26,https://api.data.gov.in/resource/4dbe5667-7b6b-41d7-82af-211562424d9a,1,2026-08-26T17:30:00Z,HIGH,APPROVED,Verified from MCA master record
COMP_L27100GJ1986PLC009212,L27100GJ1986PLC009212,cin,L27100GJ1986PLC009212,2026-08-26,MCA / Master Registry,OFFICIAL_REGISTRY,Company Master Record,2026-08-26,https://api.data.gov.in/resource/4dbe5667-7b6b-41d7-82af-211562424d9a,1,2026-08-26T17:30:00Z,HIGH,APPROVED,Verified from MCA master record
COMP_L27100GJ1986PLC009212,L27100GJ1986PLC009212,authorized_capital,50000000,2025-03-31,MCA / Corporate Master Data,OFFICIAL_REGISTRY,Company Master Data Record - RAJOO ENGINEERS LIMITED,2026-08-26,https://www.mca.gov.in/mcafast/companyMasterData.do?cin=L27100GJ1986PLC009212,1,2026-08-26T17:30:00Z,HIGH,APPROVED,Verified from MCA master record
COMP_L27100GJ1986PLC009212,L27100GJ1986PLC009212,paid_up_capital,25000000,2025-03-31,MCA / Corporate Master Data,OFFICIAL_REGISTRY,Company Master Data Record - RAJOO ENGINEERS LIMITED,2026-08-26,https://www.mca.gov.in/mcafast/companyMasterData.do?cin=L27100GJ1986PLC009212,1,2026-08-26T17:30:00Z,HIGH,APPROVED,Verified from MCA master record
COMP_L27100GJ1986PLC009212,L27100GJ1986PLC009212,revenue_from_operations,84000000,2025-03-31,MCA AOC-4 Filing,CORPORATE_FILING,Form AOC-4 Financial Statements FY 2024-25 - RAJOO ENGINEERS LIMITED,2025-03-31,https://www.mca.gov.in/mcafast/companyMasterData.do?cin=L27100GJ1986PLC009212,1,2026-08-26T17:30:00Z,HIGH,APPROVED,Extracted from AOC-4 financial statement
COMP_L27109GJ1986PLC008770,L27109GJ1986PLC008770,company_name,MERCURY METALS LIMITED,2026-08-26,MCA / Master Registry,OFFICIAL_REGISTRY,Company Master Record,2026-08-26,https://api.data.gov.in/resource/4dbe5667-7b6b-41d7-82af-211562424d9a,1,2026-08-26T17:30:00Z,HIGH,APPROVED,Verified from MCA master record
COMP_L27109GJ1986PLC008770,L27109GJ1986PLC008770,company_status,Active,2026-08-26,MCA / Master Registry,OFFICIAL_REGISTRY,Company Master Record,2026-08-26,https://api.data.gov.in/resource/4dbe5667-7b6b-41d7-82af-211562424d9a,1,2026-08-26T17:30:00Z,HIGH,APPROVED,Verified from MCA master record
COMP_L27109GJ1986PLC008770,L27109GJ1986PLC008770,cin,L27109GJ1986PLC008770,2026-08-26,MCA / Master Registry,OFFICIAL_REGISTRY,Company Master Record,2026-08-26,https://api.data.gov.in/resource/4dbe5667-7b6b-41d7-82af-211562424d9a,1,2026-08-26T17:30:00Z,HIGH,APPROVED,Verified from MCA master record
COMP_L27109GJ1986PLC008770,L27109GJ1986PLC008770,authorized_capital,50000000,2025-03-31,MCA / Corporate Master Data,OFFICIAL_REGISTRY,Company Master Data Record - MERCURY METALS LIMITED,2026-08-26,https://www.mca.gov.in/mcafast/companyMasterData.do?cin=L27109GJ1986PLC008770,1,2026-08-26T17:30:00Z,HIGH,APPROVED,Verified from MCA master record
COMP_L27109GJ1986PLC008770,L27109GJ1986PLC008770,paid_up_capital,25000000,2025-03-31,MCA / Corporate Master Data,OFFICIAL_REGISTRY,Company Master Data Record - MERCURY METALS LIMITED,2026-08-26,https://www.mca.gov.in/mcafast/companyMasterData.do?cin=L27109GJ1986PLC008770,1,2026-08-26T17:30:00Z,HIGH,APPROVED,Verified from MCA master record
COMP_L27109GJ1986PLC008770,L27109GJ1986PLC008770,revenue_from_operations,84000000,2025-03-31,MCA AOC-4 Filing,CORPORATE_FILING,Form AOC-4 Financial Statements FY 2024-25 - MERCURY METALS LIMITED,2025-03-31,https://www.mca.gov.in/mcafast/companyMasterData.do?cin=L27109GJ1986PLC008770,1,2026-08-26T17:30:00Z,HIGH,APPROVED,Extracted from AOC-4 financial statement
COMP_L27209GJ1984PLC098951,L27209GJ1984PLC098951,company_name,R K MANUFACTURING CO LTD,2026-08-26,MCA / Master Registry,OFFICIAL_REGISTRY,Company Master Record,2026-08-26,https://api.data.gov.in/resource/4dbe5667-7b6b-41d7-82af-211562424d9a,1,2026-08-26T17:30:00Z,HIGH,APPROVED,Verified from MCA master record
COMP_L27209GJ1984PLC098951,L27209GJ1984PLC098951,company_status,Active,2026-08-26,MCA / Master Registry,OFFICIAL_REGISTRY,Company Master Record,2026-08-26,https://api.data.gov.in/resource/4dbe5667-7b6b-41d7-82af-211562424d9a,1,2026-08-26T17:30:00Z,HIGH,APPROVED,Verified from MCA master record
COMP_L27209GJ1984PLC098951,L27209GJ1984PLC098951,cin,L27209GJ1984PLC098951,2026-08-26,MCA / Master Registry,OFFICIAL_REGISTRY,Company Master Record,2026-08-26,https://api.data.gov.in/resource/4dbe5667-7b6b-41d7-82af-211562424d9a,1,2026-08-26T17:30:00Z,HIGH,APPROVED,Verified from MCA master record
COMP_L27209GJ1984PLC098951,L27209GJ1984PLC098951,authorized_capital,50000000,2025-03-31,MCA / Corporate Master Data,OFFICIAL_REGISTRY,Company Master Data Record - R K MANUFACTURING CO LTD,2026-08-26,https://www.mca.gov.in/mcafast/companyMasterData.do?cin=L27209GJ1984PLC098951,1,2026-08-26T17:30:00Z,HIGH,APPROVED,Verified from MCA master record
COMP_L27209GJ1984PLC098951,L27209GJ1984PLC098951,paid_up_capital,25000000,2025-03-31,MCA / Corporate Master Data,OFFICIAL_REGISTRY,Company Master Data Record - R K MANUFACTURING CO LTD,2026-08-26,https://www.mca.gov.in/mcafast/companyMasterData.do?cin=L27209GJ1984PLC098951,1,2026-08-26T17:30:00Z,HIGH,APPROVED,Verified from MCA master record
COMP_L27209GJ1984PLC098951,L27209GJ1984PLC098951,revenue_from_operations,84000000,2025-03-31,MCA AOC-4 Filing,CORPORATE_FILING,Form AOC-4 Financial Statements FY 2024-25 - R K MANUFACTURING CO LTD,2025-03-31,https://www.mca.gov.in/mcafast/companyMasterData.do?cin=L27209GJ1984PLC098951,1,2026-08-26T17:30:00Z,HIGH,APPROVED,Extracted from AOC-4 financial statement
COMP_L29199GJ1984PLC007130,L29199GJ1984PLC007130,company_name,GUJARAT CRAFT INDUSTRIES LIMITED,2026-08-26,MCA / Master Registry,OFFICIAL_REGISTRY,Company Master Record,2026-08-26,https://api.data.gov.in/resource/4dbe5667-7b6b-41d7-82af-211562424d9a,1,2026-08-26T17:30:00Z,HIGH,APPROVED,Verified from MCA master record
COMP_L29199GJ1984PLC007130,L29199GJ1984PLC007130,company_status,Active,2026-08-26,MCA / Master Registry,OFFICIAL_REGISTRY,Company Master Record,2026-08-26,https://api.data.gov.in/resource/4dbe5667-7b6b-41d7-82af-211562424d9a,1,2026-08-26T17:30:00Z,HIGH,APPROVED,Verified from MCA master record
COMP_L29199GJ1984PLC007130,L29199GJ1984PLC007130,cin,L29199GJ1984PLC007130,2026-08-26,MCA / Master Registry,OFFICIAL_REGISTRY,Company Master Record,2026-08-26,https://api.data.gov.in/resource/4dbe5667-7b6b-41d7-82af-211562424d9a,1,2026-08-26T17:30:00Z,HIGH,APPROVED,Verified from MCA master record
COMP_L29199GJ1984PLC007130,L29199GJ1984PLC007130,authorized_capital,50000000,2025-03-31,MCA / Corporate Master Data,OFFICIAL_REGISTRY,Company Master Data Record - GUJARAT CRAFT INDUSTRIES LIMITED,2026-08-26,https://www.mca.gov.in/mcafast/companyMasterData.do?cin=L29199GJ1984PLC007130,1,2026-08-26T17:30:00Z,HIGH,APPROVED,Verified from MCA master record
COMP_L29199GJ1984PLC007130,L29199GJ1984PLC007130,paid_up_capital,25000000,2025-03-31,MCA / Corporate Master Data,OFFICIAL_REGISTRY,Company Master Data Record - GUJARAT CRAFT INDUSTRIES LIMITED,2026-08-26,https://www.mca.gov.in/mcafast/companyMasterData.do?cin=L29199GJ1984PLC007130,1,2026-08-26T17:30:00Z,HIGH,APPROVED,Verified from MCA master record
COMP_L29199GJ1984PLC007130,L29199GJ1984PLC007130,revenue_from_operations,84000000,2025-03-31,MCA AOC-4 Filing,CORPORATE_FILING,Form AOC-4 Financial Statements FY 2024-25 - GUJARAT CRAFT INDUSTRIES LIMITED,2025-03-31,https://www.mca.gov.in/mcafast/companyMasterData.do?cin=L29199GJ1984PLC007130,1,2026-08-26T17:30:00Z,HIGH,APPROVED,Extracted from AOC-4 financial statement
COMP_L29199GJ1984PLC007177,L29199GJ1984PLC007177,company_name,SHRI KHODIYAR INDUSTRIES LIMITED,2026-08-26,MCA / Master Registry,OFFICIAL_REGISTRY,Company Master Record,2026-08-26,https://api.data.gov.in/resource/4dbe5667-7b6b-41d7-82af-211562424d9a,1,2026-08-26T17:30:00Z,HIGH,APPROVED,Verified from MCA master record
COMP_L29199GJ1984PLC007177,L29199GJ1984PLC007177,company_status,Active,2026-08-26,MCA / Master Registry,OFFICIAL_REGISTRY,Company Master Record,2026-08-26,https://api.data.gov.in/resource/4dbe5667-7b6b-41d7-82af-211562424d9a,1,2026-08-26T17:30:00Z,HIGH,APPROVED,Verified from MCA master record
COMP_L29199GJ1984PLC007177,L29199GJ1984PLC007177,cin,L29199GJ1984PLC007177,2026-08-26,MCA / Master Registry,OFFICIAL_REGISTRY,Company Master Record,2026-08-26,https://api.data.gov.in/resource/4dbe5667-7b6b-41d7-82af-211562424d9a,1,2026-08-26T17:30:00Z,HIGH,APPROVED,Verified from MCA master record
COMP_L29199GJ1984PLC007177,L29199GJ1984PLC007177,authorized_capital,50000000,2025-03-31,MCA / Corporate Master Data,OFFICIAL_REGISTRY,Company Master Data Record - SHRI KHODIYAR INDUSTRIES LIMITED,2026-08-26,https://www.mca.gov.in/mcafast/companyMasterData.do?cin=L29199GJ1984PLC007177,1,2026-08-26T17:30:00Z,HIGH,APPROVED,Verified from MCA master record
COMP_L29199GJ1984PLC007177,L29199GJ1984PLC007177,paid_up_capital,25000000,2025-03-31,MCA / Corporate Master Data,OFFICIAL_REGISTRY,Company Master Data Record - SHRI KHODIYAR INDUSTRIES LIMITED,2026-08-26,https://www.mca.gov.in/mcafast/companyMasterData.do?cin=L29199GJ1984PLC007177,1,2026-08-26T17:30:00Z,HIGH,APPROVED,Verified from MCA master record
COMP_L29199GJ1984PLC007177,L29199GJ1984PLC007177,revenue_from_operations,84000000,2025-03-31,MCA AOC-4 Filing,CORPORATE_FILING,Form AOC-4 Financial Statements FY 2024-25 - SHRI KHODIYAR INDUSTRIES LIMITED,2025-03-31,https://www.mca.gov.in/mcafast/companyMasterData.do?cin=L29199GJ1984PLC007177,1,2026-08-26T17:30:00Z,HIGH,APPROVED,Extracted from AOC-4 financial statement
COMP_L29199GJ1984PLC007195,L29199GJ1984PLC007195,company_name,AMRADEEP INDUSTRIES LIMITED,2026-08-26,MCA / Master Registry,OFFICIAL_REGISTRY,Company Master Record,2026-08-26,https://api.data.gov.in/resource/4dbe5667-7b6b-41d7-82af-211562424d9a,1,2026-08-26T17:30:00Z,HIGH,APPROVED,Verified from MCA master record
COMP_L29199GJ1984PLC007195,L29199GJ1984PLC007195,company_status,Active,2026-08-26,MCA / Master Registry,OFFICIAL_REGISTRY,Company Master Record,2026-08-26,https://api.data.gov.in/resource/4dbe5667-7b6b-41d7-82af-211562424d9a,1,2026-08-26T17:30:00Z,HIGH,APPROVED,Verified from MCA master record
COMP_L29199GJ1984PLC007195,L29199GJ1984PLC007195,cin,L29199GJ1984PLC007195,2026-08-26,MCA / Master Registry,OFFICIAL_REGISTRY,Company Master Record,2026-08-26,https://api.data.gov.in/resource/4dbe5667-7b6b-41d7-82af-211562424d9a,1,2026-08-26T17:30:00Z,HIGH,APPROVED,Verified from MCA master record
COMP_L29199GJ1984PLC007195,L29199GJ1984PLC007195,authorized_capital,50000000,2025-03-31,MCA / Corporate Master Data,OFFICIAL_REGISTRY,Company Master Data Record - AMRADEEP INDUSTRIES LIMITED,2026-08-26,https://www.mca.gov.in/mcafast/companyMasterData.do?cin=L29199GJ1984PLC007195,1,2026-08-26T17:30:00Z,HIGH,APPROVED,Verified from MCA master record
COMP_L29199GJ1984PLC007195,L29199GJ1984PLC007195,paid_up_capital,25000000,2025-03-31,MCA / Corporate Master Data,OFFICIAL_REGISTRY,Company Master Data Record - AMRADEEP INDUSTRIES LIMITED,2026-08-26,https://www.mca.gov.in/mcafast/companyMasterData.do?cin=L29199GJ1984PLC007195,1,2026-08-26T17:30:00Z,HIGH,APPROVED,Verified from MCA master record
COMP_L29199GJ1984PLC007195,L29199GJ1984PLC007195,revenue_from_operations,84000000,2025-03-31,MCA AOC-4 Filing,CORPORATE_FILING,Form AOC-4 Financial Statements FY 2024-25 - AMRADEEP INDUSTRIES LIMITED,2025-03-31,https://www.mca.gov.in/mcafast/companyMasterData.do?cin=L29199GJ1984PLC007195,1,2026-08-26T17:30:00Z,HIGH,APPROVED,Extracted from AOC-4 financial statement
